'Acro Sport','Acro Sport'
'Acro Sport','Acro Sport II'
'Acro Sport','Cougar'
'Acro Sport','Junior Ace'
'Acro Sport','Super Ace'
'Acro Sport','Super Acro Sport'
'Adam Aircraft Industries','A-500'
'Adam Aircraft Industries','A-700 AdamJet'
'Aeritalia','G222'
'Aermacchi / Macchi','AL-60-B2'
'Aermacchi / Macchi','AM-3CM Bosbok'
'Aermacchi / Macchi','M-290 TP Redigo'
'Aermacchi / Macchi','M-346 Master'
'Aermacchi / Macchi','MB-308'
'Aermacchi / Macchi','MB-326'
'Aermacchi / Macchi','MB-339'
'Aermacchi / Macchi','SIAI-Marchetti SF.260 (now Leonardo SF-260)'
'Aero Boero','AB-115 BS'
'Aero Boero','AB-150 Ag'
'Aero Boero','AB-180 RVR'
'Aero Boero','AB-95'
'Aero Commander Aircraft','1121 Jet Commander'
'Aero Commander Aircraft','500 Commander'
'Aero Commander Aircraft','500-A Commander'
'Aero Commander Aircraft','500-B Commander'
'Aero Commander Aircraft','500U/500S Shrike Commander'
'Aero Commander Aircraft','520 Twin Commander'
'Aero Commander Aircraft','560 and 560-A Twin Commander'
'Aero Commander Aircraft','560-E Commander'
'Aero Commander Aircraft','560-F Commander'
'Aero Commander Aircraft','680 Commander'
'Aero Commander Aircraft','680-E Commander'
'Aero Commander Aircraft','680-F Commander'
'Aero Commander Aircraft','"680-FL Grand Commander and 680-FL(P) Pressurized Grant Commander (in 1969 the FL(P) was dropped from production and FL aircraft named ""Courser"")"'
'Aero Commander Aircraft','680-T Turbo Commander'
'Aero Commander Aircraft','680-V Turbo Commander'
'Aero Commander Aircraft','680-W Turbo Commander'
'Aero Commander Aircraft','681 Hawk Commander'
'Aero Commander Aircraft','685 Commander'
'Aero Commander Aircraft','690/690-A Twin Commander'
'Aero Commander Aircraft','690-B Twin Commander'
'Aero Commander Aircraft','690-C JetProp 840'
'Aero Commander Aircraft','690-D JetProp 900'
'Aero Commander Aircraft','695 JetProp 900 (the 840 with 733 shp)'
'Aero Commander Aircraft','695-A JetProp Commanger 1000'
'Aero Commander Aircraft','695-B JetProp Commanger 1000'
'Aero Commander Aircraft','720 Alti Cruiser'
'Aero Commander Aircraft','A-9 Quail Commander (A9B-M)'
'Aero Commander Aircraft','A-9 Sparrow Commanger'
'Aero Commander Aircraft','Commander 100'
'Aero Commander Aircraft','Commander 200'
'Aero Commander Aircraft','S-2 Ag Commander'
'Aero Spacelines','B-377-SG/SGT Super Guppy'
'Aero Vodochody','Aero 45, Aero 145'
'Aero Vodochody','Aero Ae-270 Ibis'
'Aero Vodochody','Aero L-159 Albatros 2'
'Aero Vodochody','Aero L-159 Alca (L-159A)'
'Aero Vodochody','Aero L-29 Delfin'
'Aero Vodochody','Aero L-39 Albatros (L-39C)'
'Aero Vodochody','Aero L-59 Super Albatros (L-59E)'
'Aero Vodochody','Aero L-60 Brigadyr'
'Aero Vodochody','S-102'
'Aero Vodochody','S-103'
'Aeromere','F8L Falco (Laberda Super Falco Series IV)'
'Aeronca','11 Chief'
'Aeronca','15 Sedan'
'Aeronca','"7AC Champion (""Champ"")"'
'Aeronca','7EC Traveler'
'Aeroprogress Inc.','T-411 Wolverine'
'Aerospatiale','Nord 262A'
'Aerospatiale','SN 601 Corvette'
'Aerospatiale (Sud Aviation)','SE 210 Caravelle III'
'Aerospatiale / SNIAS','AS-332 Mk1 Super Puma'
'Aerospatiale / SNIAS','AS-332 Mk2 Super Puma'
'Aerospatiale / SNIAS','AS-350 AStar'
'Aerospatiale / SNIAS','AS-350 Ecureuil'
'Aerospatiale / SNIAS','AS-350 SuperStar'
'Aerospatiale / SNIAS','AS-355 Ecureuil 2'
'Aerospatiale / SNIAS','AS-355 TwinStar'
'Aerospatiale / SNIAS','AS-365 Dauphin 2 / AS-366 Dolphin'
'Aerospatiale / SNIAS','AS-532 Mk1 Cougar'
'Aerospatiale / SNIAS','AS-532 Mk2 Cougar'
'Aerospatiale / SNIAS','AS-550 Fennec'
'Aerospatiale / SNIAS','AS-555 Fennec'
'Aerospatiale / SNIAS','AS-565 Panther'
'Aerospatiale / SNIAS','CM-170R Magister'
'Aerospatiale / SNIAS','Fr'
'Aerospatiale / SNIAS','N-262 Fr'
'Aerospatiale / SNIAS','SA-315 Lama'
'Aerospatiale / SNIAS','SA-316 / SA-319 Alouette 3'
'Aerospatiale / SNIAS','SA-318 Alouette 2'
'Aerospatiale / SNIAS','SA-321 Super Frelon'
'Aerospatiale / SNIAS','SA-330 Puma'
'Aerospatiale / SNIAS','SA-341 / SA-342 Gazelle'
'Aerospatiale / SNIAS','SA-360 Dauphin'
'Aerospatiale / SNIAS','SA-365C Dauphin 2'
'Aerospatiale / SNIAS','SE-210 Caravelle'
'Aerospatiale / SNIAS','SN-601 Corvette'
'Aerospatiale / SNIAS','TB-30 Epsilon'
'Aerostar','Yak-52'
'Aerostar Aircraft Corp','600/600A/600E Aerostar (see Piper PA-60/61)'
'Aerotek','S-1S'
'Aerotek','S-1T'
'Aerotek','S-2A'
'Aerotek','S-2B'
'Aerotek','S-2S'
'AESL','Airtourer'
'AESL','CT-4 Airtrainer'
'Ag-Cat','G-164 Super Turbine'
'Agusta / AgustaWestland','A-109'
'Agusta / AgustaWestland','A-119 Koala'
'Agusta / AgustaWestland','A-129 Mangusta'
'Agusta / AgustaWestland','AB139 / AW139'
'Agusta / AgustaWestland','AB-206 JetRanger / LongRanger'
'Agusta / AgustaWestland','AB-212'
'Agusta / AgustaWestland','AB-412 Griffon'
'Agusta / AgustaWestland','AB-47G'
'Agusta / AgustaWestland','AB-47J'
'Agusta / AgustaWestland','EH-101'
'Agusta / AgustaWestland','HH-3'
'Agusta / AgustaWestland','SH-3'
'AIDC','A-CH-1 Chung-Tsing'
'AIDC','AT-3 Tzu-Chung'
'AIDC','F-5 Chung-Cheng'
'AIDC','F-CK-1 Ching-Kuo'
'Air Products','Aircoupe'
'Air Tractor','AT-300/301'
'Air Tractor','AT-302'
'Air Tractor','AT-402B'
'Air Tractor','AT-502B'
'Air Tractor','AT-502XP'
'Air Tractor','AT-503T'
'Air Tractor','AT-504'
'Air Tractor','AT-602'
'Air Tractor','AT-802A'
'Air Tractor','AT-802F, AT-802F Fire Boss'
'Air Tractor','AT-802U'
'Airbus','A220-100'
'Airbus','A220-300'
'Airbus','A300-100 (A300-B4-100)'
'Airbus','A300-100/200 (A300-B2-100/200)'
'Airbus','A300-200 (A300-B4-200)'
'Airbus','A300-200 (A300-C4-200, F4-200)'
'Airbus','A300-600 (B4/C4-600)'
'Airbus','A300-600 (F4-600)'
'Airbus','A300-600R (B4-600R)'
'Airbus','A300-600ST BelugaST'
'Airbus','A300-600XL BelugaXL'
'Airbus','A310-200'
'Airbus','A310-300'
'Airbus','A318-100'
'Airbus','A319-100'
'Airbus','A319-100 Sharklet'
'Airbus','A319neo Sharklet'
'Airbus','A320-200'
'Airbus','A320-200 Sharklet'
'Airbus','A320neo Sharklet'
'Airbus','A321-100'
'Airbus','A321-100 Sharklet'
'Airbus','A321-200'
'Airbus','A321-200 Sharklet'
'Airbus','A321neo Sharklet'
'Airbus','A330-200'
'Airbus','A330-200F'
'Airbus','A330-300'
'Airbus','A340-200'
'Airbus','A340-300'
'Airbus','A340-500'
'Airbus','A340-600'
'Airbus','A350-1000'
'Airbus','A350-1000 XWB'
'Airbus','A350-800 XWB'
'Airbus','A350-900'
'Airbus','A350-900 XWB'
'Airbus','A360'
'Airbus','A380-800'
'Airbus','A380-843F'
'Airbus','A400M Atlas'
'Airbus','ACJ320neo (Corporate Jet version)0'
'Airbus','C295'
'Airbus','KC30 MRTT'
'Airbus (Helicopters)','H120'
'Airbus (Helicopters)','H130'
'Airbus (Helicopters)','H135 Eurocopter'
'Airbus (Helicopters)','H145 Eurocopter'
'Airbus (Helicopters)','H155'
'Airbus (Helicopters)','H225'
'Airbus (Helicopters)','H225'
'Air-C-Race','Nemesis NXT'
'Aircraft Manufacturing and Design (AMD)','CH-200 Z�nith'
'Aircraft Manufacturing and Design (AMD)','CH-600 Zodiac'
'Aircraft Manufacturing and Design (AMD)','CH-640 Zodiac'
'Aircraft Manufacturing and Design (AMD)','Tri Z'
'Aircraft Spruce & Specialty','Stolp SA-500 Starlet'
'Alenia','C-27J Spartan'
'Alenia C-27J Spartan','C-27J Spartan'
'Alpha','R-2160 Alpha 160'
'Ambrosini','F-4 Rondone'
'Ambrosini','Rondone'
'American','690 Jetprop Commander 840 / 900'
'American','695 Jetprop Commander 1000'
'American','G-164 Ag-Cat'
'American','G-164 Turbo Ag-Cat'
'American','Jetprop Commander 980 / 1000'
'American Aviation Corporation','AA-1 Yankee Clipper'
'American Aviation Corporation','AA-1A Trainer'
'American Aviation Corporation','AA-5A Cheetah'
'American Champion Aircraft Corp','7EC Champ'
'American Champion Aircraft Corp','7ECA Citabria Aurora'
'American Champion Aircraft Corp','7GCAA Citabria Adventure'
'American Champion Aircraft Corp','7GCBC Citabria Explorer'
'American Champion Aircraft Corp','7GCBC Citabria High Country Explorer'
'American Champion Aircraft Corp','8GCBC Denali Scout'
'American Champion Aircraft Corp','8GCBC Scout'
'American Champion Aircraft Corp','8KCAB Super Decathlon'
'American Champion Aircraft Corp','8KCAB Xtreme Decathon'
'AMX','A-1'
'AMX','AMX'
'AMX International','A-11 Ghibi'
'Anequim','CEA-311'
'Angel Aircraft','Model 44 Angel'
'Antonov','An-12'
'Antonov','An-124 Ruslan'
'Antonov','An-140'
'Antonov','An-148'
'Antonov','An-2'
'Antonov','An-22 Antheus'
'Antonov','An-225 Mriya'
'Antonov','An-24'
'Antonov','An-26'
'Antonov','An-28'
'Antonov','An-3'
'Antonov','An-30'
'Antonov','An-32'
'Antonov','An-38'
'Antonov','An-70'
'Antonov','An-72, An-74'
'Antonov','An-74-300'
'Antonov','An-8'
'Arado','Ar-79'
'Armstrong Withworth','Meteor'
'Armstrong Withworth','Sea Hawk'
'Atlas','AL-60 Kudu'
'Atlas','Cheetah'
'Atlas','CSH-2 Rooivalk'
'Atlas','MB-326 Impala'
'Atlas','PC-7 Astra'
'Atlas','SA-330 Oryx'
'ATR (A�rospatiale/Alenia)','ATR-42-300/320'
'ATR (A�rospatiale/Alenia)','ATR-42-400  (upgraded version of 320)'
'ATR (A�rospatiale/Alenia)','"ATR-42-500/""600"""'
'ATR (A�rospatiale/Alenia)','ATR-72-101/102'
'ATR (A�rospatiale/Alenia)','ATR-72-201/202 and -211/212'
'ATR (A�rospatiale/Alenia)','ATR-72-201/202 with Mod 3651'
'ATR (A�rospatiale/Alenia)','"ATR-72-212A/""600"" Basic"'
'ATR (A�rospatiale/Alenia)','ATR-72-212A/600 with Mod 4671'
'AugustaWestland','AW101 (EH101)'
'Auster','Auster 5 Alpha'
'Auster','Auster AOP6'
'Auster','Auster AOP9'
'Auster','Auster T7'
'Auster','D-4'
'Auster','D-5'
'Auster','D-6'
'Auster','J-1 Aiglet'
'Auster','J-2 Arrow'
'Auster','J-4 Archer'
'Auster','J-5 Adventurer'
'Auster','J-5 Aiglet Trainer'
'Auster','J-5 Alpine'
'Auster','J-5 Autocar'
'Australian Government Aircraft Facilities (GAF)','Nomad N22B'
'Australian Government Aircraft Facilities (GAF)','Nomad N24A'
'Aviamilano','F-14 Nibbio'
'Aviamilano','F-8L Falco'
'Aviamilano','P-19 Scricciolo'
'Aviat Aircraft, Inc.','110 Special'
'Aviat Aircraft, Inc.','A-1 Husky'
'Aviat Aircraft, Inc.','Eagle'
'Aviat Aircraft, Inc.','Pitts S1 Special'
'Aviat Aircraft, Inc.','Pitts S2 Special'
'Aviat Aircraft, Inc.','S-1-11 Super Stinker'
'Aviat Aircraft, Inc.','S-12 Macho Stinker'
'Aviat Aircraft, Inc.','S-12 Super Stinker'
'Aviat/Christen','Eagle'
'Aviat/Christen','Eagle II'
'Aviation Traders','ATL-98 Carvair'
'Avions Fairey','T-66 Nipper'
'Avions Fairey','Tipsy B'
'Avions Fairey','Tipsy BC'
'Avions Fairey','Tipsy Belfair'
'Avions Fairey','Tipsy Junior'
'Avions Fairey','Tipsy Trainer'
'Avions Pierre Robin','Robin DR-400'
'Avions Pottier','P.220S Koala'
'Avions Pottier','P.230S Panda'
'Avions Pottier','P.240S Saiga'
'Avions Pottier','P.250S Xerus'
'Avions Pottier','P.270S Amster'
'Avions Pottier','P.60 Minacro'
'AVRO','504'
'AVRO','748'
'AVRO','594 / 616 Avian'
'AVRO','621 Tutor'
'AVRO','652 Anson'
'AVRO','683 Lancaster'
'AVRO','696 Shackleton'
'Ayres','2SR-T34 and S2R-T34 Turbo Thrush'
'Ayres','Bull Thrush'
'Ayres','Pezetel Thrush'
'Ayres','S-2R 1340 (equal to Thrush Commander 600)'
'Ayres','S-2R 1820'
'Ayres','S2R Thrush'
'Ayres','S2R-T Thrush and -T15 Turbo Thrush'
'Ayres','Turbo Thrush (S-2R-G/T)'
'Ayres','Turbo Thrush (S-2R-T660)'
'BAC','111 One-Eleven'
'BAC','145 Jet Provost'
'BAC','167 Strikemaster'
'BAC','Canberra'
'BAC','Jaguar'
'BAC','Lightning'
'BAC','VC-10'
'BAe','ATP'
'BAe','Avro RJ-100'
'BAe','Avro RJ-70'
'BAe','Avro RJ-85'
'BAe','BAC-167 Strikemaster'
'BAe','BAe-125-1000'
'BAe','BAe-125-700'
'BAe','BAe-146-100'
'BAe','BAe-146-200'
'BAe','BAe-146-300'
'BAe','BAe-3100 Jetstream 31'
'BAe','BAe-3200 Jetstream Super 31'
'BAe','BAe-4100 Jetstream 41'
'BAe','BAe-748'
'BAe','Bulldog'
'BAe','Harrier'
'BAe','Hawk'
'BAe','Jaguar'
'BAe','Jetstream 31'
'BAe','Jetstream T.Mk.3'
'BAe','Nimrod'
'BAe','RJ-100'
'BAe','RJ-70'
'BAe','RJ-85'
'BAe','Sea Harrier'
'Basler Turbo Conversions','Basler BT-76 (a DC-3 conversion)'
'Beagle Aircraft Limited','A.109 Airedale'
'Beagle Aircraft Limited','A.61 Terrier'
'Beagle Aircraft Limited','B.121 Pup'
'Beagle Aircraft Limited','B.206'
'Beagle Aircraft Limited','D.4/108 Auster'
'Beagle Aircraft Limited','D.5/108 Husky'
'Beagle Aircraft Limited','D-6'
'Beagle Aircraft Limited','E-3 Auster AOP11'
'Beagle Aircraft Limited/Scottish Aviation','B.125 Bulldog'
'Beechcraft','1900C'
'Beechcraft','1900D'
'Beechcraft','2000 Starship'
'Beechcraft','Baron 55'
'Beechcraft','Baron 56 TC Turbo Baron'
'Beechcraft','Baron 58 (and current G58)'
'Beechcraft','Beech 390 Premier I, IA, II (Raytheon Premier I)'
'Beechcraft','Beechjet 400 (from/same as MU-300-10 Diamond II)'
'Beechcraft','Beechjet 400A (became Raytheon Beechjet 400A)'
'Beechcraft','Bonanza 33 (F33A)'
'Beechcraft','Bonanza 33 Debonair'
'Beechcraft','Bonanza 35 (G35)'
'Beechcraft','Bonanza 35 (P35)'
'Beechcraft','Bonanza 35 (V35TC) rare as only 7 built'
'Beechcraft','Bonanza 36 (G36)'
'Beechcraft','"Bonanza A36TC ""Turbo Bonanza"""'
'Beechcraft','C-12 Huron'
'Beechcraft','King Air 100 (B100)'
'Beechcraft','King Air 200 (A200CT) Military version'
'Beechcraft','King Air 200 and 250 (also marketed as Model  1300 Commuter)'
'Beechcraft','King Air 300 and 300LW (Limited Weight version)'
'Beechcraft','King Air 350ER (B300, B300C)'
'Beechcraft','King Air 350i (current production model)'
'Beechcraft','King Air 90 (A90)'
'Beechcraft','King Air 90 (C90B)'
'Beechcraft','King Air 90 (F90)'
'Beechcraft','King Air B200 (A200CT C-12D/F, FWC-12D, and RC-12D/G/H)'
'Beechcraft','King Air C90GTi'
'Beechcraft','King Air C90GTx'
'Beechcraft','King Air C90GTx'
'Beechcraft','L-23 Seminole (U-8D/E/G is the later designation military version of Twin Bonanza and Queen Air)'
'Beechcraft','Model 17 Staggerwing'
'Beechcraft','Model 18 (H18 Super Twin Beech)'
'Beechcraft','Model 18 Turboliner (aka Turbo 18), Hamilton Westwind III'
'Beechcraft','Model 19 Musketeer Sport (or B19 Sport)'
'Beechcraft','Model 23 Musketeer, Custom and Sundowner'
'Beechcraft','Model 24 Mukseteer Super III'
'Beechcraft','Model 24R Sierra (retractable gear)'
'Beechcraft','Model 28 Destroyer'
'Beechcraft','Model 50 Twin Bonanza'
'Beechcraft','Model 60 Duke (B60)'
'Beechcraft','Model 60 Duke (Original 60 and the A60)'
'Beechcraft','Model 60 Royal Turbine Duke'
'Beechcraft','Model 65 (Queen Air 65)'
'Beechcraft','Model 65A (Queen Air A65)'
'Beechcraft','Model 70 (Queen Air 70)'
'Beechcraft','Model 76 Duchess'
'Beechcraft','Model 77 Skipper'
'Beechcraft','Model 80 (Queen Air 80)'
'Beechcraft','Model 80A (Queen Air A80)'
'Beechcraft','Model 80B (Queen Air B80)'
'Beechcraft','Model 88 (Queen Air 88)'
'Beechcraft','Model 95 Travel Air D95A'
'Beechcraft','Model 99 Airliner'
'Beechcraft','T-34B Mentor'
'Beechcraft','T-34C Mentor'
'Beechcraft','T-34C Turbo Mentor'
'Beechcraft','T-6A Texan II'
'Beechcraft','U-21A Ute'
'Beechcraft','UC-45 Expeditor'
'Beechcraft','YC-43 Traveler'
'Bell Aircraft','P-39 Airacobra'
'Bell Aircraft','P-63 Kingcobra'
'Bell Helicopter','47'
'Bell Helicopter','205'
'Bell Helicopter','212'
'Bell Helicopter','222'
'Bell Helicopter','230'
'Bell Helicopter','407'
'Bell Helicopter','412'
'Bell Helicopter','427'
'Bell Helicopter','430'
'Bell Helicopter','206LT TwinRanger'
'Bell Helicopter','209 HueyCobra'
'Bell Helicopter','212 Twin Two-Twelve'
'Bell Helicopter','214C BigLifter'
'Bell Helicopter','214ST SuperTransport'
'Bell Helicopter','429 GlobalRanger'
'Bell Helicopter','47J Ranger'
'Bell Helicopter','CH-146 Griffon'
'Bell Helicopter','JetRanger / OH-58 Kiowa'
'Bell Helicopter','SuperCobra'
'Bell Helicopter','UH-1 Iroquois'
'Bell Helicopter','UH-1N'
'Bell Helicopter','UH-1Y'
'Bell Helicopter','V-22 Osprey'
'Bell-Agusta','BA-609'
'Bellanca Aircraft Company','14 Bellanca 260A / B / C'
'Bellanca Aircraft Company','14 Cruisair / Cruisemaster / Junior / Senior'
'Bellanca Aircraft Company','19 Skyrocket'
'Bellanca Aircraft Company','7 Citabria (7GCBC)'
'Bellanca Aircraft Company','8 Decathlon'
'Bellanca Aircraft Company','8 Scout'
'Bellanca Aircraft Company','Champ and Ciabria (7ECA)'
'Bellanca Aircraft Company','Super Viking (17-30A, -31A, -31ATC)'
'Bellanca Aircraft Company','T-250 Aries'
'Bellanca Aircraft Company','Viking (17-30, -31, -31TC)'
'Bell-Boeing','V-22 Osprey'
'Benes-Mraz','K-65 Cap'
'Benes-Mraz','M-1 Sokol'
'Beriev','A-40 Albatross'
'Beriev','A-50 (NATO: Mainstay)'
'Beriev','Be-103 Bekas'
'Beriev','Be-12 Tchaika'
'Beriev','Be-200 Altair'
'Beriev','Be-30'
'Beriev','Be-32'
'Beriev','SA-20'
'Berkut Aircraft','Berkut 360'
'Blackburn','Swordfish'
'Bleriot','11 / XI'
'Boeing','720'
'Boeing','314A Clipper'
'Boeing','707-020'
'Boeing','707-120B'
'Boeing','707-320/420'
'Boeing','707-320B/C'
'Boeing','717-200'
'Boeing','717-200 HGW Option'
'Boeing','720B'
'Boeing','727-100 and -100C Basic'
'Boeing','727-100 and -100C Option'
'Boeing','727-100RE Super 27'
'Boeing','727-200 Basic'
'Boeing','727-200 Basic with winglets'
'Boeing','727-200 Option'
'Boeing','727-200 Option with winglets'
'Boeing','727-200RE Super 27'
'Boeing','737-100'
'Boeing','737-200'
'Boeing','737-200, -200C, -200QC, and Advanced 737-200'
'Boeing','737-300'
'Boeing','737-300 with winglets'
'Boeing','737-400'
'Boeing','737-500'
'Boeing','737-600'
'Boeing','737-600 with winglets'
'Boeing','737-700 with winglets'
'Boeing','737-700, -700C'
'Boeing','737-800'
'Boeing','737-800 with upper and lower winglets'
'Boeing','737-800 with winglets'
'Boeing','737-900'
'Boeing','737-900 with upper and lower winglets'
'Boeing','737-900 with winglets'
'Boeing','737-900ER'
'Boeing','737-900ER with winglets'
'Boeing','737-BB2'
'Boeing','737-BBJ'
'Boeing','747-100, -100B'
'Boeing','747-100B SR'
'Boeing','747-100SF (Swingtail Freighter)'
'Boeing','747-200B, -200B COMBI'
'Boeing','747-200C, 200F'
'Boeing','747-300, -300 COMBI'
'Boeing','747-300SR'
'Boeing','747-400 DOMESTIC'
'Boeing','747-400, 400 COMBI'
'Boeing','747-400ER'
'Boeing','747-400ER F'
'Boeing','747-400F'
'Boeing','747-400LCF Dreamlifter'
'Boeing','747-8'
'Boeing','747-8F'
'Boeing','747SCA Shuttle Carrier'
'Boeing','747-SP'
'Boeing','747-SR'
'Boeing','757-200, -200PF'
'Boeing','757-200, -200PF with winglets'
'Boeing','757-300'
'Boeing','757-300 with winglets'
'Boeing','757-400'
'Boeing','767-200'
'Boeing','767-200ER'
'Boeing','767-300'
'Boeing','767-300 Freighter'
'Boeing','767-300ER'
'Boeing','767-300ER with winglets'
'Boeing','767-400'
'Boeing','767-400ER'
'Boeing','777-200'
'Boeing','777-200 (HGW Option)'
'Boeing','777-200ER'
'Boeing','777-200LR'
'Boeing','777-300'
'Boeing','777-300ER'
'Boeing','777-300F'
'Boeing','777-400'
'Boeing','777F'
'Boeing','787-10 Dreamliner (Preliminary Data)'
'Boeing','787-8 Dreamliner'
'Boeing','787-9 Dreamliner'
'Boeing','B-17 Flying Fortress'
'Boeing','B-29 Superfortress'
'Boeing','B-52 Stratofortress'
'Boeing','C-135 Stratolifter'
'Boeing','C-137 / KC-137'
'Boeing','C-17 Globemaster 3'
'Boeing','C-22'
'Boeing','C-32'
'Boeing','C-40 Clipper'
'Boeing','C97 STRATOCRUISER'
'Boeing','C-97 Stratofreighter'
'Boeing','E-3 (CFM56) Sentry'
'Boeing','E-3 (TF33) Sentry'
'Boeing','E-4 / VC-25'
'Boeing','E-6 Mercury'
'Boeing','F-15 Eagle'
'Boeing','F-18 (EA-18G Growler)'
'Boeing','FA-18 Hornet'
'Boeing','FA-18 Super Hornet'
'Boeing','KC-135A Stratotanker'
'Boeing','KC-135D/E Stratotanker'
'Boeing','KC-135R/T Stratotanker'
'Boeing','KE-3'
'Boeing','P-8 Poseidon'
'Boeing','P-8A Posieden Maritime Surveillance'
'Boeing','PT-13 Kaydet (Stearman)'
'Boeing','PT-17 Kaydet (Stearman)'
'Boeing','PT-18 Kaydet (Stearman)'
'Boeing','PT-27 Kaydet (Stearman)'
'Boeing','Raptor F22'
'Boeing','RC-135'
'Boeing','VCC-25'
'Boeing (McDonnell Douglas)','AV-8B Harrier II'
'Boeing (McDonnell Douglas)','DC-10-10'
'Boeing (McDonnell Douglas)','DC-10-10CF'
'Boeing (McDonnell Douglas)','DC-10-30'
'Boeing (McDonnell Douglas)','DC-10-30CF'
'Boeing (McDonnell Douglas)','DC-10-40'
'Boeing (McDonnell Douglas)','DC-10-40CF'
'Boeing (McDonnell Douglas)','DC-2'
'Boeing (McDonnell Douglas)','DC-3 Super DC-3'
'Boeing (McDonnell Douglas)','DC-3A'
'Boeing (McDonnell Douglas)','DC-4'
'Boeing (McDonnell Douglas)','DC-6'
'Boeing (McDonnell Douglas)','DC-6A/B'
'Boeing (McDonnell Douglas)','DC-7'
'Boeing (McDonnell Douglas)','DC-7B'
'Boeing (McDonnell Douglas)','DC-7C'
'Boeing (McDonnell Douglas)','DC-8-10'
'Boeing (McDonnell Douglas)','DC-8-20/30/40'
'Boeing (McDonnell Douglas)','DC-8-40'
'Boeing (McDonnell Douglas)','DC-8-43'
'Boeing (McDonnell Douglas)','DC-8-50'
'Boeing (McDonnell Douglas)','DC-8-50F'
'Boeing (McDonnell Douglas)','DC-8-51'
'Boeing (McDonnell Douglas)','DC-8-52'
'Boeing (McDonnell Douglas)','DC-8-53'
'Boeing (McDonnell Douglas)','DC-8-55'
'Boeing (McDonnell Douglas)','DC-8-55F'
'Boeing (McDonnell Douglas)','DC-8-60'
'Boeing (McDonnell Douglas)','DC-8-61'
'Boeing (McDonnell Douglas)','DC-8-61F'
'Boeing (McDonnell Douglas)','DC-8-62'
'Boeing (McDonnell Douglas)','DC-8-62F'
'Boeing (McDonnell Douglas)','DC-8-63'
'Boeing (McDonnell Douglas)','DC-8-63F'
'Boeing (McDonnell Douglas)','DC-8-70'
'Boeing (McDonnell Douglas)','DC-8-71'
'Boeing (McDonnell Douglas)','DC-8-71F'
'Boeing (McDonnell Douglas)','DC-8-72'
'Boeing (McDonnell Douglas)','DC-8-72F'
'Boeing (McDonnell Douglas)','DC-8-73'
'Boeing (McDonnell Douglas)','DC-8-73F'
'Boeing (McDonnell Douglas)','DC-9 Stage 3'
'Boeing (McDonnell Douglas)','DC-9-10'
'Boeing (McDonnell Douglas)','DC-9-15'
'Boeing (McDonnell Douglas)','DC-9-15F'
'Boeing (McDonnell Douglas)','DC-9-20'
'Boeing (McDonnell Douglas)','DC-9-21'
'Boeing (McDonnell Douglas)','DC-9-30'
'Boeing (McDonnell Douglas)','DC-9-32/33F'
'Boeing (McDonnell Douglas)','DC-9-40'
'Boeing (McDonnell Douglas)','DC-9-41'
'Boeing (McDonnell Douglas)','DC-9-50'
'Boeing (McDonnell Douglas)','DC-9-51'
'Boeing (McDonnell Douglas)','DC-9-80'
'Boeing (McDonnell Douglas)','DC-9-82'
'Boeing (McDonnell Douglas)','MD-10-10F'
'Boeing (McDonnell Douglas)','MD-10-30F'
'Boeing (McDonnell Douglas)','MD-11'
'Boeing (McDonnell Douglas)','MD-11 ER'
'Boeing (McDonnell Douglas)','MD-11F'
'Boeing (McDonnell Douglas)','MD-81'
'Boeing (McDonnell Douglas)','MD-82'
'Boeing (McDonnell Douglas)','MD-83'
'Boeing (McDonnell Douglas)','MD-87'
'Boeing (McDonnell Douglas)','MD-88'
'Boeing (McDonnell Douglas)','MD-90-30'
'Boeing (McDonnell Douglas)','MD-90-30ER'
'Boeing (McDonnell Douglas)','MDC-C-133'
'Boeing (McDonnell Douglas)','R6D-1/C118-A'
'Boeing Vertol','107'
'Boeing Vertol','AH-64 Longbow Apache'
'Boeing Vertol','CH-113 Labrador'
'Boeing Vertol','CH-46 Sea Knight'
'Boeing Vertol','CH-47 Chinook'
'Boeing Vertol','HH-46 Sea Knight'
'Boeing Vertol','MH-47 Chinook'
'Boeing Vertol','UH-46 Sea Knight'
'Boeing Vertol','V-22 Osprey'
'Boeing-Sikorsky','RAH-66 Comanche'
'Boisavia','B.60 Mercurey'
'B�lkow','BO-208 Junior'
'B�lkow','BO-209 Monsun'
'B�lkow','Kl-107'
'Bolkow/MBB','Bo 209 Monsun'
'Bombardier','Canadair CL-215 Scooper (Land)'
'Bombardier','Canadair CL-215 Scooper (Water modified per CSB # CL215-124)'
'Bombardier','Canadair CL-215 Scooper (Water)'
'Bombardier','Canadair CL-215T Scooper Retrofit (Land)'
'Bombardier','Canadair CL-215T Scooper Retrofit (Water)'
'Bombardier','Canadair CL-415 Super Scooper (Land)'
'Bombardier','Canadair CL-415 Super Scooper (Water)'
'Bombardier','Challenger (BD-100-1A10) 300'
'Bombardier','Challenger (BD-100-1A10) 350 (the 300 with sn/ 20501 and subsequent)'
'Bombardier','Challenger (CL-600-1A11) 600'
'Bombardier','Challenger (CL-600-2A12) 601'
'Bombardier','Challenger (CL-600-2B16) 601-3A and -3R'
'Bombardier','Challenger (CL-600-2B16) 604'
'Bombardier','Challenger 604/605 ?'
'Bombardier','Challenger 650'
'Bombardier','Challenger 800'
'Bombardier','Challenger 850'
'Bombardier','CRJ 100/200 Standard'
'Bombardier','CRJ 100/200/440 ER (CL-600-2B19)'
'Bombardier','CRJ 100/200/440 LR (CL-600-2B19)'
'Bombardier','CRJ 1000 EL'
'Bombardier','CRJ 1000 ER'
'Bombardier','CRJ 1000 Standard'
'Bombardier','CRJ 700/701/702 ER'
'Bombardier','CRJ 700/701/702 LR'
'Bombardier','CRJ 700/701/702 Standard'
'Bombardier','CRJ 705 (based on CRJ 900)'
'Bombardier','CRJ 900 ER'
'Bombardier','CRJ 900 LR'
'Bombardier','CRJ 900 Standard'
'Bombardier','Global 5000 (BD-700-1A11)'
'Bombardier','Global 6000/Express (BD-700-1A10)'
'Bombardier','Global 7000 (BD-700-2A12)'
'Bombardier','Global 8000 (BD-700-2A13)'
'Bombardier','Learjet 23'
'Bombardier','Learjet 24'
'Bombardier','Learjet 24A'
'Bombardier','Learjet 24B, D, F'
'Bombardier','Learjet 24B-A, C, D-A, F-A'
'Bombardier','Learjet 24E'
'Bombardier','Learjet 25 (all variants except 25A)'
'Bombardier','Learjet 25A'
'Bombardier','Learjet 28/29'
'Bombardier','Learjet 31/31A'
'Bombardier','Learjet 35/36, 35A/36A'
'Bombardier','Learjet 40'
'Bombardier','Learjet 45, 45XR'
'Bombardier','Learjet 55'
'Bombardier','Learjet 55B'
'Bombardier','Learjet 55C'
'Bombardier','Learjet 60, 60XR'
'Bombardier','Learjet 70'
'Bombardier','Learjet 75'
'Bombardier (De Havilland Canada (DHC))','Dash 6 Twin Otter (DHC-6-100/200)'
'Bombardier (De Havilland Canada (DHC))','Dash 6 Twin Otter (DHC-6-300)'
'Bombardier (De Havilland Canada (DHC))','Dash 7 Series 100 (DHC-7-100/101)'
'Bombardier (De Havilland Canada (DHC))','Dash 7 Series 150 (DHC-7-150/151)'
'Bombardier (De Havilland Canada (DHC))','Dash 8 Q100'
'Bombardier (De Havilland Canada (DHC))','Dash 8 Q200'
'Bombardier (De Havilland Canada (DHC))','Dash 8 Q300'
'Bombardier (De Havilland Canada (DHC))','Dash 8 Q400'
'Bombardier (De Havilland Canada (DHC))','Dash 8 Series 100 (DHC-8-101)'
'Bombardier (De Havilland Canada (DHC))','Dash 8 Series 100 (DHC-8-102)'
'Bombardier (De Havilland Canada (DHC))','Dash 8 Series 100 (DHC-8-103)'
'Bombardier (De Havilland Canada (DHC))','Dash 8 Series 100 (DHC-8-106)'
'Bombardier (De Havilland Canada (DHC))','Dash 8 Series 200 (DHC-8-201/202)'
'Bombardier (De Havilland Canada (DHC))','Dash 8 Series 300 (DHC-8-301)'
'Bombardier (De Havilland Canada (DHC))','Dash 8 Series 300 (DHC-8-311)'
'Bombardier (De Havilland Canada (DHC))','Dash 8 Series 300 (DHC-8-314/315)'
'Bombardier (De Havilland Canada (DHC))','Dash 8 Series 400 (DHC-8-400/401/402)'
'Brantly','B-2'
'Breguet','1050 Aliz'
'Breguet','14 Replica'
'Breguet','Jaguar'
'Breguet Aviation','Br. 1150 Atlantic / Atlantique 2'
'Bristol','149 Blenheim'
'Bristol','149 Bolingbroke'
'Bristol','171 Sycamore'
'Bristol','F-2B Fighter'
'Bristol','Fighter'
'Bristol','Sycamore'
'British Aerospace (BAe)/Avro','Avro 748, HS 748'
'British Aerospace (BAe)/Avro','Avro RJ100/115'
'British Aerospace (BAe)/Avro','Avro RJ70'
'British Aerospace (BAe)/Avro','Avro RJ85'
'British Aerospace (BAe)/Avro','BAe 146-100, 100QC, 100QT'
'British Aerospace (BAe)/Avro','BAe 146-200, 200QC'
'British Aerospace (BAe)/Avro','BAe 146-300, 300QC, 300QT'
'British Aerospace (BAe)/Avro','BAe HS 125-1/2/3-400/600'
'British Aerospace (BAe)/Avro','BAe Jetstream 31, BAe-3100'
'British Aerospace (BAe)/Avro','BAe Jetstream 32EP'
'British Aerospace (BAe)/Avro','BAe Jetstream 41'
'British Aerospace (BAe)/Avro','Lancaster'
'British Aerospace (BAe)/BAE Systems','BAE Hawk'
'British Aircraft Corporation','BAC One-Eleven 200 (aka 111 or 1-11)'
'British Aircraft Corporation','BAC One-Eleven 300/400'
'British Aircraft Corporation','BAC One-Eleven 475'
'British Aircraft Corporation','BAC One-Eleven 500'
'Britten Norman','BN-2 Islander'
'Britten-Norman','BN-2A Mk III-2 Trislander'
'Britten-Norman','BN-2T Defender 4000 / Turbine Islander'
'B�cker','B� 181 Bestmann'
'Bye Aerospace','Sun Flyer 2'
'CAC','Boomerang'
'CAC','CA-16 Wirraway'
'CAC','CA-18 Mustang'
'CAC','CA-25 Winjeel'
'CAC','CA-29 Mirage 3'
'CAC','CA-30'
'CAC','MB-326'
'Camair','Twin Navion (Camair 480)'
'Campion','402 Lancer'
'Campion','8 Decathlon'
'Campion','Citabria (7ECA)'
'Campion','Traveler'
'Canadair','CF-5'
'Canadair','CL-13 Sabre'
'Canadair','CL-215'
'Canadair','CL-215T'
'Canadair','CL-30 Silver Star'
'Canadair','CL-41 Tutor'
'Canadair','CL-415'
'Canadair','CL-44 Forty Four'
'Canadair','CL-44D-4 Yukon'
'Canadair','CL-44-O Guppy'
'Canadair','CL-600 Regional Jet CRJ-100'
'Canadair','CL-600 Regional Jet CRJ-200'
'Canadair','CL-600 Regional Jet CRJ-700'
'Canadair','CL-600 Regional Jet CRJ-900'
'Canadair','CT-114 Tutor (CL-41)'
'Canadair','CT-133 Silver Star'
'Canadair','CV-580 Cosmopolitan'
'Canadian Home Rotors','Baby Belle / Safari'
'CAP','CAP-10'
'CAP','CAP-222'
'CASA','1-131 Jungmann (B�cker B� 131)'
'CASA','1-133 Jungmeister (B�cker B� 133)'
'CASA','2-111'
'CASA','223 Flamingo'
'CASA','352L'
'CASA','C-101 Aviojet'
'CASA','C-207A AZOR'
'CASA','C-212-200 Aviocar'
'CASA','C-295'
'CASA','CN-235-300'
'CASA','E-26 Tamiz'
'CASA','HA-220 Super Saeta'
'CASA','T-35 Pill'
'CASA (Airtech International applies only to Series 10 and 100/110)','CN-235-10'
'CASA (Airtech International applies only to Series 10 and 100/110)','CN-235-100/110'
'CASA (Series 220 by IPTN)','CN-235-200/220'
'Caudron','C-272 / C-275 Luciole'
'Caudron','C-275 Luciole'
'Caudron','CR-760 Cyclone Replica'
'Caudron','G-3'
'Caudron','JN-760 Cyclone Replica'
'CCF','T-6 Harvard'
'Cerva','CE-43 Guepard'
'Cessna','170'
'Cessna','120, 140/140A'
'Cessna','150, A150 Aerobat'
'Cessna','152, A152 Aerobat'
'Cessna','162 Skycatcher'
'Cessna','165 Airmaster'
'Cessna','172 Cutlass, 172RG and Cutlass RG'
'Cessna','172 Skyhawk Turbo JT-A (aka a Turbo Skyhawk)'
'Cessna','172 Skyhawk, 172S Skyhawk SP, 172 Hawk XP-R172'
'Cessna','175 Skylark'
'Cessna','177 Cardinal'
'Cessna','177 Cardinal RG'
'Cessna','180 Skywagon'
'Cessna','182 Skylane RG, Turbo Skylane, T182T Turbo Skylane'
'Cessna','185 Skywagon'
'Cessna','185 Skywagon (A185 Agcarryall)'
'Cessna','185 Skywagon Amphibian'
'Cessna','185 Skywagon Floatplane'
'Cessna','188 AgPickup/AgTruck/AgWagon, T188 Aghusky (4,400 lbs.)'
'Cessna','190/195 Businessliner'
'Cessna','205 Skywagon'
'Cessna','206 Stationair Turbo HD'
'Cessna','206 Stationair, 206H Stationair, T206H Turbo Stationair'
'Cessna','207 Skywagon (C207), T207 Turbo Skywagon (C07T), 207A Stationair 8 (C207)'
'Cessna','208 Caravan'
'Cessna','208B Grand Caravan EX Amphibian'
'Cessna','208B Grand Caravan EX/Super Cargomaster EX'
'Cessna','210 Centurion (C210), Pressurised P-210R (P210), 210T Turbo (C10T)'
'Cessna','303 (T303) Crusader'
'Cessna','310 (Model T310R)'
'Cessna','318 / A-37 Dragonfly'
'Cessna','318 / T-37 Tweet'
'Cessna','320 Skynight, Executive Skyknight (replaced by T310)'
'Cessna','335            --- COPY 340 ___________'
'Cessna','336 Skymaster'
'Cessna','337 (T337G) Pressurized Skymaster'
'Cessna','337 Skymaster, Turbo, Super Skymaster'
'Cessna','340 (developed from Cessna 310).  335 is unpressurized 340.'
'Cessna','350 Corvalis (formerly the Lancair LC-40 Columbia 350)'
'Cessna','400 Corvalis TT (formerly the Lancair LC-41 Columbia 400)'
'Cessna','401 (initial model, lighter, less powerful than the 402)'
'Cessna','402C Utililiner/Businessliner (no tip tanks) -- turbocharged'
'Cessna','404 (turbine)'
'Cessna','404 Titan'
'Cessna','411A (landing gear based on 310, wings from 414)'
'Cessna','414 (turbine)'
'Cessna','414A Chancellor (a less powerfull but lighter 421)'
'Cessna','421 (turbine)'
'Cessna','421C Golden Eagle'
'Cessna','425 Corsair/Conquest I'
'Cessna','441 Conquest II'
'Cessna','Citation CJ1 (Model C525)'
'Cessna','Citation CJ1+ (Model C525)'
'Cessna','Citation CJ2 (Model C525A)'
'Cessna','Citation CJ2+ (Model C525A)'
'Cessna','Citation CJ3, CJ3+ (Model C525B)'
'Cessna','Citation CJ4 (Model C525C)'
'Cessna','Citation Encore, Encore+'
'Cessna','Citation Excel'
'Cessna','Citation Hemisphere'
'Cessna','Citation I, I/SP (Model C500/501)'
'Cessna','Citation II/Bravo, II/SP (Model C550/551)'
'Cessna','Citation III, VI'
'Cessna','Citation Latitude'
'Cessna','Citation Longitude'
'Cessna','Citation M2 (Model C525)'
'Cessna','Citation Mustang (Model C510)'
'Cessna','Citation S/II'
'Cessna','Citation Sovereign'
'Cessna','Citation Sovereign+'
'Cessna','Citation Ultra Encore'
'Cessna','Citation V, Ultra'
'Cessna','Citation VII (an upgrade of the III)'
'Cessna','Citation X'
'Cessna','Citation X+'
'Cessna','Citation XLS, XLS+'
'Cessna','CitationJet'
'Cessna','Denali'
'Cessna','F406 Caravan 2'
'Cessna','L-19/O-1 Bird Dog'
'Cessna','Textron AirLand Scorpion'
'Cessna','TTx Model T240 (formerly the Lancair LC-40 Columbia 400)'
'Cessna','UC-35 (military designation of Ultra)'
'Chance-Vought','A-7 Corsair 2'
'Chance-Vought','F4U Corsair'
'Chance-Vought','F8 Crusader'
'Chance-Vought','SA-366 Panther 800'
'Chengdu','F-10'
'Chengdu','F-7'
'Chengdu','FC-1 Super 7'
'Chengdu','FT-5'
'Chengdu','J-10'
'Chengdu','J-7'
'Chengdu','JJ-5'
'China Nanchang Aircraft Manufacturing Corp.','Nanchang CJ-6A Primary Trainer'
'Cirrus','SF50 Vision Jet'
'Cirrus','SR20'
'Cirrus','SR22'
'Cirrus','SR22'
'Colomban','MC-15 Cri Cri (Cricket)'
'Colonial Aircraft','C-1 Skimmer (two seat)'
'Colonial Aircraft','C-2 Skimmer IV (four seat)'
'Comac','ARJ21-700 Xiangeng (Flying Phoenix) ER'
'Comac','ARJ21-700 Xiangeng (Flying Phoenix) STD'
'Comac','ARJ21-900 Xiangeng (Flying Phoenix) ER'
'Comac','ARJ21-900 Xiangeng (Flying Phoenix) STD'
'Comac','ARJ21F (proposed business jet version)'
'Comac','ARJ21F (proposed freighter version)'
'Comac','C919'
'Comac','C919 ER'
'Commander','Commander 114'
'Commander','Commander 115'
'Composite Aircraft Technology','Express 2000'
'Composite Aircraft Technology','Express S90'
'Consolidated','B-24 Liberator'
'Consolidated','Catalina / Canso'
'Convair','B-32'
'Convair','B-58 Hustler'
'Convair','BT-13 Valiant'
'Convair','C-131'
'Convair','CV-240 Convairliner'
'Convair','CV-340 Convairliner'
'Convair','CV-440 Metropolitan'
'Convair','CV-540/580/600/640, VC-131H'
'Convair','CV-580'
'Convair','CV-600'
'Convair','CV-640'
'Convair','L-13'
'Convair','PB4Y Privateer'
'Convair','QF-106 Delta Dart'
'Convair (General Dynamics)','Convair 880'
'Convair (General Dynamics)','Convair 880'
'Convair (General Dynamics)','Convair 890'
'Convair (General Dynamics)','Convair 990 Coronado'
'Corby','CJ-1 Starlet'
'Creative Flight','Aerocat'
'Cruz','FELIX SKYBOLT'
'Cubcrafters','XCub (CC19-180)'
'Curtiss','C-46 Commando'
'Curtiss','Kittyhawk'
'Curtiss','P-40 Warhawk'
'Curtiss-Wright','SOC-4 Seagull'
'Czech Aircraft Works','PiperSport'
'Daher-Socata','A�rospatiale TB 30 Epsilon'
'Daher-Socata','Socata/Morane-Saulnier MS-880 Rallye'
'Daher-Socata','TB 360 Tangara'
'Daher-Socata','TB-10 Tobago'
'Daher-Socata','TB-21'
'Daher-Socata','TB-21 Trinadad'
'Daher-Socata','TB-21 Trinidad'
'Daher-Socata','TB-9 Tampico'
'Daher-Socata','TBM 700'
'Daher-Socata','TBM 700 C1 (Cargo Variant 1)'
'Daher-Socata','TBM 700 C2 (Cargo Variant 2)'
'Daher-Socata','TBM 850'
'Daher-Socata','TBM 900'
'Daher-Socata','TBM 910'
'Daher-Socata','TBM 930'
'Dassault Aviation','Etendard 4'
'Dassault Aviation','Falcon 2000'
'Dassault Aviation','Falcon 2000EX'
'Dassault Aviation','Falcon 2000S'
'Dassault Aviation','Falcon 2000XLS'
'Dassault Aviation','Falcon 50, 50EX'
'Dassault Aviation','Falcon 6X'
'Dassault Aviation','Falcon 7X'
'Dassault Aviation','Falcon 8X'
'Dassault Aviation','Falcon 900B, 900C'
'Dassault Aviation','Falcon 900EX'
'Dassault Aviation','Falcon 900LX'
'Dassault Aviation','Flamant'
'Dassault Aviation','MD-454A Myst'
'Dassault Aviation','Mercure'
'Dassault Aviation','Mirage 2000'
'Dassault Aviation','Mirage 2000D/N'
'Dassault Aviation','Mirage 3'
'Dassault Aviation','Mirage 4'
'Dassault Aviation','Mirage 5'
'Dassault Aviation','Mirage 50'
'Dassault Aviation','Mirage F1'
'Dassault Aviation','Myst'
'Dassault Aviation','Myst'
'Dassault Aviation','Myst'
'Dassault Aviation','Myst'
'Dassault Aviation','Mystere/Falcon 10'
'Dassault Aviation','Mystere/Falcon 20 (20F)'
'Dassault Aviation','Rafale'
'Dassault Aviation','Super Etendard'
'Dassault Aviation','Super Myst'
'Dassault Aviation, Breguet, Dornier','Alpha Jet MS1'
'Davis','DA-2'
'De Havilland','DH-100 Vampire'
'De Havilland','DH-104 Dove'
'De Havilland','DH-112 Venom'
'De Havilland','DH-114 Heron'
'De Havilland','DH-115 Vampire'
'De Havilland','DH-121 Trident'
'De Havilland','DH-125'
'De Havilland','DH-60 Moth'
'De Havilland','DH-80 Puss Moth'
'De Havilland','DH-82 Tiger Moth'
'De Havilland','DH-83 Fox Moth'
'De Havilland','DH-85 Leopard Moth'
'De Havilland','DH-87 Hornet Moth'
'De Havilland','DH-88 Comet Replica'
'De Havilland','DH-89 Dragon Rapide'
'De Havilland','DH-90 Dragonfly'
'De Havilland','DH-94 Moth Minor'
'De Havilland','DH-98 Mosquito'
'De Havilland','DHC-1 Chipmunk'
'De Havilland Australia','DHA-3 Drover'
'De Havilland Canada','DH-80 Puss Moth'
'De Havilland Canada','DHC-1 Chipmunk'
'De Havilland Canada','DHC-104 Dove 8'
'De Havilland Canada','DHC-106 Comet 4C'
'De Havilland Canada','DHC-114 Heron 2'
'De Havilland Canada','DHC-2 Beaver'
'De Havilland Canada','DHC-2 Turbo Beaver Mk3'
'De Havilland Canada','DHC-3 Otter'
'De Havilland Canada','DHC-3 Turbo Otter'
'De Havilland Canada','DHC-4 Caribou'
'De Havilland Canada','DHC-5 Buffalo'
'De Havilland Canada','S-2 Tracker'
'Denel','AH-2 Rooivalk'
'Denel','CSH-2 Rooivalk'
'Denel','PC-7 Astra'
'Dewoitine','D-26'
'Dewoitine','D-27'
'Diamond','DA20 Katana'
'Diamond','DA40 Tundra or NG'
'Diamond','DA40 XLT'
'Diamond','DA42 Twin Star'
'Diamond','DA50 SuperStar'
'Diamond','DA50-V'
'Diamond','DA62'
'Diamond','D-Jet'
'Diamond','HK36 Super Dimona (powered glider)'
'Diamond','Katana (DA-20/DV-20)'
'Dornier','Do 128-6 Turbo Skyservant'
'Dornier','Do 228NG'
'Dornier','Do 27'
'Dornier','Do 28A / Do-28B Skyservant'
'Dornier','Do 28D Skyservant'
'Dornier','Do 328 Jet'
'Dornier','Do 328-110'
'Dornier','SeaStar CD 2'
'Douglas','A-20 Havoc'
'Douglas','A-20 Havoc'
'Douglas','A-26 Invader'
'Douglas','A-3 Skywarrior'
'Douglas','A-4 Skyhawk'
'Douglas','A-4Q Skyhawk'
'Douglas','AD-1 / A-1 / EA-1 Skyraider'
'Douglas','B-23 / UC-67 Dragon'
'Douglas','B-23 Dragon'
'Douglas','C-133 Cargomaster'
'Douglas','EA-1 Skyraider'
'Douglas','SBD Dauntless'
'Douglas','TB-26 Invader'
'Dutch Aeroplane Company','Dac Ranger'
'Eclipse Aerospace','Eclipse 400'
'Eclipse Aerospace','Eclipse 500'
'Edgley / Optica','EA-7 Optica'
'EH Industries','CH-149 Cormorant'
'EH Industries','EH-101'
'EKW / K+W','C-3605'
'EKW / K+W','D-26'
'EKW / K+W','D-27'
'Embraer','AT-26 Xavante'
'Embraer','Carioquinha (Piper PA-28-140)'
'Embraer','EMB 110 Bandeirante'
'Embraer','EMB 111 Bandeirulha'
'Embraer','EMB 120 Brasilia (ER Model)'
'Embraer','EMB 121 XINGU II'
'Embraer','EMB 170 LR, SU, or SE'
'Embraer','EMB 175 AR'
'Embraer','EMB 175 AR, extended wingtips'
'Embraer','EMB 175 LR'
'Embraer','EMB 175 LR, extended wingtips'
'Embraer','EMB 175 Standard'
'Embraer','EMB 175 Standard, extended wingtips'
'Embraer','EMB 175-E2'
'Embraer','EMB 190 AR'
'Embraer','EMB 190 LR'
'Embraer','EMB 190 Standard'
'Embraer','EMB 190-E2'
'Embraer','EMB 195 AR'
'Embraer','EMB 195 LR'
'Embraer','EMB 195 Standard'
'Embraer','EMB 195-E2'
'Embraer','EMB 201 Ipanema 201 (Ag Sprayer)'
'Embraer','EMB 202 Ipanema 202 (Ag Sprayer)'
'Embraer','EMB 203 Ipanema 203 (Ag Sprayer)'
'Embraer','EMB 312 Tucano'
'Embraer','EMB 312S Short Tucano'
'Embraer','EMB 314 Super Tucano, ALX, or A-29'
'Embraer','EMB 326 Xavante'
'Embraer','EMB 710 Carioca'
'Embraer','EMB 711B Corisco'
'Embraer','EMB 711ST Corisco 2 Turbo'
'Embraer','EMB 712 Tupi'
'Embraer','EMB 720 Minuano'
'Embraer','EMB 721 Sertanejo'
'Embraer','EMB 810 Seneca'
'Embraer','EMB 820 Navajo'
'Embraer','EMB/ERJ-135 ER'
'Embraer','EMB/ERJ-135 LR'
'Embraer','EMB/ERJ-140 ER'
'Embraer','EMB/ERJ-140 LR'
'Embraer','EMB/ERJ-145 EP'
'Embraer','EMB/ERJ-145 ER'
'Embraer','EMB/ERJ-145 EU'
'Embraer','EMB/ERJ-145 LR'
'Embraer','EMB/ERJ-145 LU'
'Embraer','EMB/ERJ-145 MK'
'Embraer','EMB/ERJ-145 MP'
'Embraer','EMB/ERJ-145 XR'
'Embraer','KC-390'
'Embraer','Legacy 450'
'Embraer','Legacy 500'
'Embraer','Legacy 600'
'Embraer','Legacy 650E'
'Embraer','Lineage 1000E'
'Embraer','PA-25 Pawnee'
'Embraer','Phenom 100 (EMB-500)'
'Embraer','Phenom 300 (EMB-505)'
'Enstrom','480'
'Enstrom','280 Shark'
'Enstrom','F-28'
'Epic Aircraft','E1000'
'Epic Aircraft','LT/Dynasty'
'ERCO (Engineering and Research Corporation)','Ercoupe 415-C'
'Eurocopter','AS-332 Mk2 Super Puma'
'Eurocopter','AS-332 Super Puma / AS-532 Cougar'
'Eurocopter','AS-350 AStar'
'Eurocopter','AS-350 Ecureuil'
'Eurocopter','AS-350 SuperStar'
'Eurocopter','AS-355 Ecureuil 2'
'Eurocopter','AS-355 TwinStar'
'Eurocopter','AS-365 Dauphin 2 / AS-366 Dolphin'
'Eurocopter','AS-532 Mk2 Cougar'
'Eurocopter','AS-550 Fennec'
'Eurocopter','AS-555 Fennec'
'Eurocopter','AS-565 Panther'
'Eurocopter','BK-117'
'Eurocopter','BK-117C-2'
'Eurocopter','EC-120 Colibri'
'Eurocopter','EC-130'
'Eurocopter','EC-135'
'Eurocopter','EC-145'
'Eurocopter','EC-155'
'Eurocopter','EC-225 Super Puma Mk2+'
'Eurocopter','EC-635'
'Eurocopter','EC-665 Tiger / Tigre'
'Eurocopter','EC-725 Cougar Mk2+'
'Eurocopter-Kawasaki','BK-117'
'Eurocopter-Kawasaki','BK-117C-2'
'Eurocopter-Kawasaki','EC-145'
'Eurofighter','C-16 Typhoon'
'Eurofighter','CE-16 Typhoon'
'Eurofighter','Eurofighter 2000'
'Eurofighter','Typhoon'
'Evans','VP-2 Volksplane'
'Evektor','SportStar RTC'
'EXTRA','EA-200'
'EXTRA','EA-230'
'EXTRA','EA-300'
'EXTRA','EA-400'
'EXTRA','EA-500'
'Extra Aerobatic Planes','E400'
'Extra Aerobatic Planes','EA-300'
'Extra Aerobatic Planes','Extra 200'
'Extra Aerobatic Planes','Extra 300 LP'
'Extra Aerobatic Planes','Extra 300 LT'
'Extra Aerobatic Planes','Extra 300 LX'
'Extra Aerobatic Planes','Extra 330 SC'
'Extra Aerobatic Planes','Extra 500'
'Fabrica Militar de Aviones (FMA)','IA 50 Guarani II'
'Fairchild','A-10 Thunderbolt 2'
'Fairchild','C-119 Flying Boxcar'
'Fairchild','C-123 Provider'
'Fairchild','C-82 Packet'
'Fairchild','Challenger'
'Fairchild','Cornell'
'Fairchild','F-11 Husky'
'Fairchild','KR-34 Challenger'
'Fairchild','Merlin 23'
'Fairchild','Merlin 3'
'Fairchild','Merlin 4'
'Fairchild','Metro'
'Fairchild','UC-61 Argus'
'Fairchild','UC-61 Forwarder'
'Fairchild Dornier','328'
'Fairchild Dornier','328 Jet'
'Fairchild Dornier','C'
'Fairchild Dornier','Do 28'
'Fairchild Dornier','DORNIER LTA'
'Fairchild Dornier','FAIRCHILD C-119 '
'Fairchild Dornier','FAIRCHILD C-121'
'Fairchild Dornier','FAIRCHILD F-27 A'
'Fairchild Dornier','FAIRCHILD F-27J'
'Fairchild Dornier','FAIRCHILD FH-227 B'
'Fairchild Dornier','FAIRCHILD FH-227 D'
'Fairchild Industries','A-10 Warthog'
'Fairchild Republic','A-10 Thunderbolt II'
'Fairchild Republic','C-123 Provider'
'Fairchild Republic','C-82 Packet'
'Fairchild Republic','PT-19, PT-26'
'Fairchild Swearingen','C-26 Metroliner'
'Fairchild Swearingen','Merlin 3B'
'Fairchild Swearingen','Merlin 4/4A, Metro 2'
'Fairchild Swearingen','METRO'
'Fairchild Swearingen','SA-226T/TB Merlin 3'
'Fairchild-Dornier','Envoy 3'
'Fairchild-Hiller','FH-1100'
'Fairchild-Hiller','FH-227'
'Fairchild-Hiller','OH-23 Raven'
'Fairchild-Swearingen','Merlin 3'
'Fairchild-Swearingen','Merlin 4'
'Fairchild-Swearingen','Metro'
'Fairey','Firefly'
'Fairey','Gannet'
'Fairey','Swordfish'
'FFA','AS-202 Bravo'
'FFA','AS-202-32TP Turbine Bravo'
'Fiat','G-46'
'Fiat','G-59'
'Fieseler','Fi-156 Storch'
'Fletcher','FU-24'
'Flight Design','CT'
'Flight Design','CT Supralight'
'Flight Design','CT2K'
'Flight Design','CTHL'
'Flight Design','CTLE'
'Flight Design','CTLS'
'Flight Design','CTLSi'
'Flight Design','CTLS-Lite'
'Flight Design','CTSW'
'Flight Design','MC'
'Float Plans and Amphibs (FNPA)','A-20'
'Float Plans and Amphibs (FNPA)','A-22 Valor ----- http://www.fpna.com/a22.htm'
'Float Plans and Amphibs (FNPA)','A-24'
'Float Plans and Amphibs (FNPA)','A-36'
'Float Plans and Amphibs (FNPA)','Capetown'
'Float Plans and Amphibs (FNPA)','Drifter'
'FMA','A-182'
'FMA','A-188 AgTruck'
'FMA','IA-46 Ranquel'
'FMA','IA-46 Super Ranquel'
'FMA','IA-50 Guarani 2'
'FMA','IA-51 Tehuelche'
'FMA','IA-58 Pucar'
'FMA','IA-63 Pampa'
'FMA','P-172'
'Focke-Wulf','Fw-190 Replica'
'Focke-Wulf','Fw-44 Stieglitz'
'Focke-Wulf','FWP-149'
'Fokker','50'
'Fokker','60'
'Fokker','70'
'Fokker','100'
'Fokker','D-7 Replica'
'Fokker','D-8 Replica'
'Fokker','Dr-1 Replica'
'Fokker','F-100'
'Fokker','F-26'
'Fokker','F-27 Friendship'
'Fokker','F-27-500 Friendship'
'Fokker','F-28 Fellowship'
'Fokker','F-28-1000 Fellowship'
'Fokker','F-28-2000 Fellowship'
'Fokker','F-28-3000 Fellowship'
'Fokker','F-28-4000 Fellowship'
'Fokker','F-28-6000 Fellowship'
'Fokker','F-50'
'Fokker','F-70'
'Fokker','S-11 Instructor'
'Fokker VFW','VFW 614 (engines on over-wing pylons)'
'Folland','Fo-144 Gnat'
'Ford','4-AT Tri-Motor'
'Ford','5-AT Tri-Motor'
'Forney / Fornaire','Aircoupe'
'Fouga','CM.170-1 Magister'
'Fouga','CM-170R Magister'
'Found Aircraft','Found FBA-2'
'Fournier','RF-10'
'Fournier','RF-47'
'Fournier','RF-6'
'Fournier','RF-9'
'Fratelli Nardi,�SIAI-Marchetti','FN.333 Riviera'
'Free Flight Composites','Berkut 540 (see Zivko Edge 540)'
'Free Flight Composites','Cozy IIIX'
'Free Flight Composites','Excalibur'
'Free Flight Composites','Krossfire'
'Free Flight Composites','Lancair Super E5'
'Free Flight Composites','Velocity'
'Fuji','AH-64 Longbow Apache'
'Fuji','Bird Dog'
'Fuji','FA-200 Aero Subaru'
'Fuji','FA-300'
'Fuji','KM-2'
'Fuji','KM-2Kai'
'Fuji','T-1'
'Fuji','T-3 Mentor'
'Fuji','T-3Kai'
'Fuji','T-5'
'Fuji','T-7'
'Fuji','TL-1'
'Fuji Heavy Industries/Rockwell International','Commander 710'
'Game Composites','GB1 GameBird'
'GAP','JP100 Kestrel'
'General Atomics Aeronautical Systems','MQ-9 Reaper/Predetor B'
'General Avia','F-15 Delfino'
'General Avia','F-15 Picchio'
'General Avia','F-20 Pegaso'
'General Avia','F-22 Pinguino'
'General Avia','F-220 Airone'
'General Dynamics','F-111'
'General Dynamics','F-16 Fighting Falcon'
'General Dynamics','F-16C Fighting Falcon'
'Gidroplane (Hydroplane Ltd)','Che-22'
'Gidroplane (Hydroplane Ltd)','Che-23'
'Gidroplane (Hydroplane Ltd)','Che-25 '
'Gidroplane (Hydroplane Ltd)','Che-27'
'GippsAero (formerly Gippsland Aeronautics)','GA8 Airvan'
'Gippsland','Fatman'
'Gippsland','GA-200 Fatman'
'Gippsland','GA-8 Airvan'
'Glasair Aviation','Merlin'
'Glasair Aviation','Sportsman'
'Glasair Aviation','Sportsman 2+2'
'Glasair Aviation (Stoddard-Hamilton Aircraft)','Glasair I'
'Glasair Aviation (Stoddard-Hamilton Aircraft)','Glasair II RG'
'Glasair Aviation (Stoddard-Hamilton Aircraft)','Glasair III'
'Glasair Aviation (Stoddard-Hamilton Aircraft)','Glastar'
'Glasair Aviation (Stoddard-Hamilton Aircraft)','T-9 Stalker (military Glasair III)'
'Globe','GC-1 Swift'
'Globe Aircraft/TEMCO','GC1 - Globe GC-1 Swift'
'Globe Aircraft/TEMCO','GC-1A Swift'
'Globe Aircraft/TEMCO','GC-1B Globe'
'Gloster','Gauntlet'
'Gloster','Gladiator'
'Gloster','Meteor'
'Great Lakes Aircraft Company','2T-1A-1 Sport Trainer'
'Grob','G-109'
'Grob','G-115'
'Grob','G-115T Acro'
'Grob','G-120'
'Grob','G-140TP'
'Grob','G-160 Ranger'
'Grob','G-180 SPn Utility Jet'
'Grob','GF-200'
'Grob Aerospace GmbH','Grob G 102'
'Grob Aerospace GmbH','Grob G 103'
'Grob Aerospace GmbH','Grob G 103 Twin Astir'
'Grob Aerospace GmbH','Grob G 103 Twin II'
'Grob Aerospace GmbH','Grob G 103C Twin III'
'Grob Aerospace GmbH','Grob G 104 Speed Astire'
'Grob Aerospace GmbH','Grob G 109'
'Grob Aerospace GmbH','Grob G 115'
'Grob Aerospace GmbH','Grob G 116'
'Grob Aerospace GmbH','Grob G 120'
'Grob Aerospace GmbH','Grob G 140'
'Grob Aerospace GmbH','Grob G 160'
'Grob Aerospace GmbH','Grob G 520 Egrett/STRATO 1'
'Grob Aerospace GmbH','Grob G 850 Strato 2'
'Grob Aerospace GmbH','Grob GF 200'
'Grob Aerospace GmbH','Grob SPn'
'Grob Aerospace GmbH','Hale G 600'
'Grob Aircraft AG','Grob G 120'
'Grob Aircraft AG','Grob G 120TP'
'Grob Aircraft AG','Grob G 520 Egrett'
'Grob Aircraft AG','Grob G115E Heron'
'Grumman','A-6 Intruder'
'Grumman','Albatross'
'Grumman','C-2 Greyhound'
'Grumman','E-2 Hawkeye'
'Grumman','EA-6 Prowler'
'Grumman','F-14 Tomcat'
'Grumman','F3F Replica'
'Grumman','F4F Wildcat'
'Grumman','F6F Hellcat'
'Grumman','F7F Tigercat'
'Grumman','F8F Bearcat'
'Grumman','F9F Panther'
'Grumman','G-11 Replica'
'Grumman','G-1159 Gulfstream 2'
'Grumman','G-159 Gulfstream 1'
'Grumman','G-164 Ag-Cat'
'Grumman','G-164 Turbo Ag-Cat'
'Grumman','G-21A Goose'
'Grumman','G-32 Replica'
'Grumman','G-40 Avenger'
'Grumman','G-44 Widgeon'
'Grumman','G-44 Widgeon'
'Grumman','G-73 Mallard'
'Grumman','G-73T Turbo Mallard'
'Grumman','G-96 Trader'
'Grumman','Grumman C-2 Greyhound'
'Grumman','Grumman F6F Hellcat'
'Grumman','Grumman G.21 Goose'
'Grumman','Grumman G21T Turbogoose'
'Grumman','Grumman G-73T Turbo Mallard'
'Grumman','Grumman Mallard'
'Grumman','Grumman RV-1 Mohawk'
'Grumman','Grumman TE-2 Hawkeye'
'Grumman','OV-1 Mohawk'
'Grumman','S-2 Tracker'
'Grumman','S-2 Turbo Tracker'
'Grumman','TBF Avenger'
'Grumman American','AA-5 Traveler'
'Grumman American','AA-5B Tiger'
'Grumman American','GA-7 Cougar'
'Grumman American (Tiger Aircraft)','AG-5B Tiger'
'Grumman American Aviation Corp','AA-1B Trainer and TR-2'
'Gulfstream','Jetprop Commander 1000'
'Gulfstream (Grumman Aircraft Engineering)','Gulfstream I (G-I), model G-159'
'Gulfstream (Gulfstream Aerospace Corp.)','G300'
'Gulfstream (Gulfstream Aerospace Corp.)','Gulfstream IV'
'Gulfstream (Gulfstream Aerospace Corp.)','Gulfstream IV-SP, G400'
'Gulfstream (Gulfstream American Corp.)','Gulfstream IC (G-IC), model G-159C'
'Gulfstream (Gulfstream American Corp.)','Gulfstream II (G-II), model G-1159'
'Gulfstream (Gulfstream American Corp.)','Gulfstream IIB (G-IIB is a G-II fitted with a G-III wing)'
'Gulfstream (Gulfstream American Corp.)','Gulfstream III (G-III), model G-1159A'
'Gulfstream (Gulfstream American Corp.)','Gulfstream II-SP (G-II-SP),'
'Gulfstream (Gulfstream American Corp.)','Gulfstream IITT (G-IITT), model G-1159'
'Gulfstream Aerospace Corp.','G200 (the IAI Galaxy 1126 rebranded in 2001 as the G200)'
'Gulfstream Aerospace Corp.','G280'
'Gulfstream Aerospace Corp.','G350 (less range than its big brother the G450)'
'Gulfstream Aerospace Corp.','G450'
'Gulfstream Aerospace Corp.','G500'
'Gulfstream Aerospace Corp.','G550 (is the newer version of V-SP)'
'Gulfstream Aerospace Corp.','G600'
'Gulfstream Aerospace Corp.','G650'
'Gulfstream Aerospace Corp.','G650ER'
'Gulfstream Aerospace Corp.','Gulfstream V (G-V)'
'Gulfstream Aerospace Corp.','Gulfstream V-SP (G-V-SP)'
'Gulfstream Aerospace Corp. (General Dynamics)','G100 (the IAI Astra SPX rebranded in 2002 as the G100)'
'Gulfstream Aerospace Corp. (General Dynamics)','G150'
'Gulfstream American (division of Gulfstream Aerospace)','AA-1C Lynx and T-Cat'
'HAL','228'
'HAL','Dhruv'
'HAL','HA-31 Basant'
'HAL','HJT-16 Kiran'
'HAL','HJT-36 Sitara'
'HAL','HPT-32 Deepak'
'HAL','HT-2'
'HAL','HUL-26 Pushpak'
'HAL','MiG-27 Bahadur'
'HAL','SA-315 Cheetah / Cheetal / Lancer'
'HAL','SA-316 / SE-3160 Chetak / Chetan'
'HAL','Shamsher'
'HAMC / Harbin','H-5'
'HAMC / Harbin','HC-120'
'HAMC / Harbin','SH-5'
'HAMC / Harbin','Y-11'
'HAMC / Harbin','Y-12'
'HAMC / Harbin','Z-5'
'HAMC / Harbin','Z-9 Haitun'
'Hamilton','T-28 Nomair'
'Handley Page','HP-137 Jetstream 1'
'Handley Page','HP-137 Jetstream 200'
'Handley Page','Jetstream 200'
'Handley-Page','HP HERALD'
'Harbin','Y-12'
'Harbin','Y-12F'
'Harmon','Rocket'
'Hawker','Cygnet'
'Hawker','Fury'
'Hawker','Hind'
'Hawker','Hunter'
'Hawker','Hurricane'
'Hawker','Sea Fury'
'Hawker','Sea Hawk'
'Hawker','Sea Hurricane'
'Hawker Beechcraft','Hawker 1000 (formerly BAe HS 125-1000)'
'Hawker Beechcraft','Hawker 400, 400A'
'Hawker Beechcraft','Hawker 4000 (Horizon)'
'Hawker Beechcraft','Hawker 400XP (formerly Raytheon Beechjet 400A)'
'Hawker Beechcraft','Hawker 700'
'Hawker Beechcraft','Hawker 800 (formerly BAe-125-700/800)'
'Hawker Beechcraft','Hawker 800, 800XP'
'Hawker Beechcraft','Hawker 800XPi'
'Hawker Beechcraft','Hawker 850XP'
'Hawker Beechcraft','Hawker 900XP'
'Hawker-Beechcraft','CT-156 Harvard 2'
'Hawker-Beechcraft','T-6 Texan 2'
'Hawker-Siddeley','748'
'Hawker-Siddeley','ARGOSY'
'Hawker-Siddeley','ARGOSY'
'Hawker-Siddeley','Buccaneer'
'Hawker-Siddeley','DH-104 Dove'
'Hawker-Siddeley','DH-114 Heron'
'Hawker-Siddeley','Gnat'
'Hawker-Siddeley','Harrier'
'Hawker-Siddeley','Hawk'
'Hawker-Siddeley','HS 121 TRIDENT 1E'
'Hawker-Siddeley','HS 121 TRIDENT 2E'
'Hawker-Siddeley','HS 121 TRIDENT 3B'
'Hawker-Siddeley','HS 121 Trident Super 3B'
'Hawker-Siddeley','HS 125 SERIES 400A'
'Hawker-Siddeley','HS 125 SERIES 600A'
'Hawker-Siddeley','HS 125 SERIES 700A'
'Hawker-Siddeley','HS 780 ANDOVER C.MK.1'
'Hawker-Siddeley','HS 801 NIMROD MR MK.2'
'Hawker-Siddeley','HS-121 Trident'
'Hawker-Siddeley','HS-125-1'
'Hawker-Siddeley','HS-125-700'
'Hawker-Siddeley','HS-748 Andover'
'Hawker-Siddeley','Hunter F.6'
'Hawker-Siddeley','Nimrod'
'HB-Flugtechnik','HB-21'
'HB-Flugtechnik','HB-23/2400 Hobbyliner'
'HB-Flugtechnik','HB-3'
'Heinkel','He-111'
'Helio','Courier'
'Helio','Stallion'
'Helio','Twin Courier'
'Heliopolis','Gomhouria'
'HESA','IRAN-140 Faraz'
'HESA','Parastu'
'HESA','S-68'
'HESA','Shahed 278'
'HFB','HFB-320 Hansa'
'Hiller','OH-23 Raven'
'Hiller','UH-12ET'
'Hirth','Hi-27 Acrostar'
'Hispano','223 Flamingo'
'Hispano','HA-1112 Buchon'
'Hispano','HA-200 Saeta'
'Hispano','HA-220 Super Saeta'
'Honda','HA-420 Honda Jet'
'Howard Aircraft Corp.','DGA-15'
'Hughes','269'
'Hughes','300'
'Hughes','369'
'Hughes','500'
'Hughes','77 Apache'
'Hughes','AH-64 Apache'
'Hughes','OH-6 Cayuse'
'Hughes','TH-55 Osage'
'Hughes/Schweizer','Schweizer 300C'
'Hunting','P-56 Provost'
'Hunting','P-66 Pembroke'
'Hunting','P-84 Jet Provost'
'Hunting Percival','P-56 Provost'
'Hunting Percival','P-66 Pembroke'
'Hunting Percival','P-84 Jet Provost'
'IAR','IAR-330 Puma'
'IAR','IAR-46'
'IAR','IAR-93 / J-22 Orao'
'IAR','IS-28M2'
'Ibis','Ae-270 Ibis'
'Icon Aircraft','A5 Amphibious Light Sport (S-LSA)'
'Ilyushin','Il-103'
'Ilyushin','Il-114'
'Ilyushin','IL-12'
'Ilyushin','Il-14'
'Ilyushin','IL-18'
'Ilyushin','Il-18'
'Ilyushin','Il-20'
'Ilyushin','Il-22 Zebra'
'Ilyushin','Il-24'
'Ilyushin','Il-28'
'Ilyushin','Il-38'
'Ilyushin','IL-62'
'Ilyushin','IL-76'
'Ilyushin','Il-78'
'Ilyushin','Il-82'
'Ilyushin','IL-86'
'Ilyushin','Il-87'
'Ilyushin','Il-96'
'Israel Aircraft Industries (IAI)','1121A Jet Commander'
'Israel Aircraft Industries (IAI)','1121B Commodore'
'Israel Aircraft Industries (IAI)','1123 Westwind'
'Israel Aircraft Industries (IAI)','1124 Westwind I'
'Israel Aircraft Industries (IAI)','1124A Westwind II'
'Israel Aircraft Industries (IAI)','1125 Astra'
'Israel Aircraft Industries (IAI)','1125 Astra Galaxy'
'Israel Aircraft Industries (IAI)','1125 Astra SP and SPX'
'Israel Aircraft Industries (IAI)','Arava 101/201'
'Israel Aircraft Industries (IAI)','Dagger'
'Israel Aircraft Industries (IAI)','Kfir (Lion Cub)'
'Israel Aircraft Industries (IAI)','S-2UP Turbo Tracker'
'Israel Aircraft Industries (IAI) but originally Aero Commander\'s 1121 Jet Commander','1121 Jet Commander'
'Issoire Aviation','APM 20 Lionceau (Lion cub), APM 21 Lion'
'Jabiru Aircraft','J430'
'JAI','CH-2000 Sama'
'JAI','CH-8000 Hawk 1'
'Jodel','D-11'
'Jodel','D-120'
'Jodel','D-140 Abeille'
'Jodel','D-140 Mousquetaire'
'Jodel','D-150 Mascaret'
'Jodel','D-18'
'Junkers','Ju 52/3m g7e'
'Junkers','Ju-52/3m'
'Junkers','L-55'
'KAI','A-50 Golden Eagle'
'KAI','KO-1 Woong-Bee'
'KAI','KT-1 Woong-Bee'
'KAI','SB-427'
'KAI','T-50 Golden Eagle'
'Kaman','HH-43A'
'Kaman','HH-43B Huskie'
'Kaman','K-1200 K-Max'
'Kaman','SH-2 Seasprite'
'Kamov','Ka-126'
'Kamov','Ka-226'
'Kamov','Ka-25'
'Kamov','Ka-26'
'Kamov','Ka-27'
'Kamov','Ka-28'
'Kamov','Ka-29'
'Kamov','Ka-31'
'Kamov','Ka-32'
'Kamov','Ka-50'
'Kamov','Ka-52'
'Kamov','Ka-60'
'Kamov','Ka-62'
'Kawasaki','47G'
'Kawasaki','BK-117'
'Kawasaki','BK-117C-2'
'Kawasaki','C-1'
'Kawasaki','KH-4'
'Kawasaki','KHI-01'
'Kawasaki','KV-107'
'Kawasaki','OH-1'
'Kawasaki','P-3 Orion'
'Kawasaki','T-4'
'Kawasaki Heavy Industries','C-1'
'Kazan','Ansat'
'Kazan','Ansat 2RT'
'Kestrel Aircraft Company (formerly Farnborough Aircraft)','Kestrel K-350 (proof of concept POC)'
'Khrunichev','T-411 Aist (Stork)'
'Klemm','Kl-107'
'Klemm','Kl-35'
'Klemm','L-25'
'Komsomolsk-on-Amur Aircraft Production Association','Sukhoi Superjet 100'
'Korea Aerospace Industries (KAI)','T-50 Golden Eagle'
'Lake Aircraft','LA-250 Renegade and Seawolf (military) and LA-270 Turbo Renegade and Seafury (saltwater)'
'Lake Aircraft','LA-4-180'
'Lake Aircraft','LA-4-200 Buccaneer/EP'
'Lambert Aircraft Engineering BVBA','Mission 212'
'Lancair','200'
'Lancair','235'
'Lancair','320 and 360'
'Lancair','Barracuda'
'Lancair','ES and ESP'
'Lancair','IV and IVP'
'Lancair','LC-40 Columbia 300/350/400'
'Lancair','Legacy'
'Lancair','Mako (Turbo)'
'Lederlin','Ladybug L380'
'LET','Aero 45'
'LET','C-11'
'LET','L-200 Morava'
'LET','L-410 Turbolet'
'LET','L-420 Turbolet'
'LET','L-610'
'LET','Super Aero 145'
'LET','Z-237 Cmel'
'LET','Z-37 Cmel'
'LET Aircraft Industries','L-410 NG (New Generation)'
'LET Aircraft Industries','L-410 UVP-E20'
'Liberty Aerospace','Liberty XL-2'
'Ling-Temco-Vought','A-7E Corsair II'
'Lockheed','1011-100'
'Lockheed','1011-200'
'Lockheed','1011-250'
'Lockheed','1011-500'
'Lockheed','1329 JetStar'
'Lockheed','B-34 Lexington'
'Lockheed','C-130-100-20 Hercules*'
'Lockheed','C-130-100-20 Hercules*'
'Lockheed','C-130H, J'
'Lockheed','"C-130J Hercules '
'Lockheed','C-130J-30'
'Lockheed','C-141 Starlifter'
'Lockheed','C-141A'
'Lockheed','C-141B'
'Lockheed','C-5B'
'Lockheed','C-5B Galaxy'
'Lockheed','Constellation / Super Constellation'
'Lockheed','CP-140 Aurora'
'Lockheed','F-104 Starfighter'
'Lockheed','F-117 Nighthawk'
'Lockheed','F-16 Fighting Falcon'
'Lockheed','F-22 Raptor'
'Lockheed','F-35 Lightning II'
'Lockheed','F-35B Lightning II'
'Lockheed','F-5 Lightning'
'Lockheed','L-10 Electra'
'Lockheed','L-100 Hercules'
'Lockheed','L-1011-1  Tristar'
'Lockheed','L-1049 Super Constellation'
'Lockheed','L-12 Electra Junior'
'Lockheed','L-1329 Jetstar 2'
'Lockheed','L-1329 Jetstar 6 / 8'
'Lockheed','L-1329 Jetstar 731'
'Lockheed','L-1329 Jetstar 8'
'Lockheed','L-137 Ventura'
'Lockheed','L-14 Hudson'
'Lockheed','L-14 Super Electra'
'Lockheed','L-18 Lodestar'
'Lockheed','L-188 Electra'
'Lockheed','LASA-60'
'Lockheed','Martin F-35A'
'Lockheed','Martin F-35A'
'Lockheed','P-2 Neptune'
'Lockheed','P-3 Orion'
'Lockheed','P-3 Orion'
'Lockheed','P-38 Lightning'
'Lockheed','P-38 Lightning'
'Lockheed','PV-1 Ventura'
'Lockheed','PV-2 Harpoon'
'Lockheed','S-3 Viking'
'Lockheed','SP-2 Neptune'
'Lockheed','SR-71 Blackbird'
'Lockheed','T-33 Shooting Star'
'Lockheed','T-33 T-Bird'
'Lockheed','U-2'
'Lockheed-Azcarate','LASA-60 Santa Maria'
'LTV','A-7 Corsair 2'
'LTV','F-8 Crusader'
'Luscombe','8'
'Luscombe','50'
'Luscombe','11A Sedan'
'Luscombe','11E Spartan 185'
'Luscombe Aircraft','Luscombe Silvaire 8F'
'Mahindra Aerospace','Airvan 10'
'Mahindra Aerospace','Airvan 8 Turbo'
'Martin','404'
'Martin','B-26 Marauder'
'Martin','B-57 Canberra'
'Martin','JRM Mars'
'Martin','MARTIN-404'
'Maule Aircraft Company','M-4'
'Maule Aircraft Company','M-5-180C'
'Maule Aircraft Company','M-5-210C Strata Rocket'
'Maule Aircraft Company','M-5-220C Lunar Rocket'
'Maule Aircraft Company','M-5-235C Lunar Rocket'
'Maule Aircraft Company','M-6-235C Super Rocket'
'Maule Aircraft Company','M-7'
'Maule Aircraft Company','M-7'
'Maule Aircraft Company','M-7-235 Orion'
'Maule Aircraft Company','ML5'
'Maule Aircraft Company','MTZ-235'
'Maule Aircraft Company','MXT7'
'Maule Aircraft Company','Sportplane'
'Max Holste','MH-1521 Broussard'
'Max Holste','MH-260 Super Broussard'
'MBB','223 Flamingo'
'MBB','BK-117'
'MBB','BO-105'
'MBB','HFB-320 Hansa'
'MBB-Kawasaki','BK-117'
'McDonnell','F-4 Phantom 2'
'Mcdonnell Douglas','A-4'
'McDonnell Douglas','AH-64 Apache'
'McDonnell Douglas','AH-64 Longbow Apache'
'McDonnell Douglas','AH-6J'
'McDonnell Douglas','AV-8 Harrier'
'McDonnell Douglas','C-17 Globemaster 3'
'McDonnell Douglas','F-4 Phantom II'
'McDonnell Douglas','FA-18 Hornet'
'McDonnell Douglas','FA-18 Super Hornet'
'McDonnell Douglas','KC-10 Extender'
'McDonnell Douglas','MD 900'
'McDonnell Douglas','MD 902'
'McDonnell Douglas','MD-11'
'McDonnell Douglas','MD-520N'
'McDonnell Douglas','MD-530N'
'McDonnell Douglas','MD-600N'
'McDonnell Douglas','MD-81'
'McDonnell Douglas','MD-82'
'McDonnell Douglas','MD-83'
'McDonnell Douglas','MD-87'
'McDonnell Douglas','MD-88'
'McDonnell Douglas','MD-90'
'McDonnell Douglas','MH-6J'
'McDonnell Douglas','T-45 Goshawk'
'MD Helicopters','MD-500'
'MD Helicopters','MD-520N'
'MD Helicopters','MD-530'
'MD Helicopters','MD-600N'
'MD Helicopters','MD-902 Explorer'
'Messerschmitt','Bf-108 Taifun'
'Messerschmitt','Bf-109'
'Messerschmitt','Me-262 Replica'
'Meyers','Meyers 145 (MAC-145)'
'MFI','MFI-9 Junior'
'Micco Aircraft Company','SP20/SP26'
'Mikoyan','MiG 1-44'
'Mikoyan','MiG-15'
'Mikoyan','MiG-15'
'Mikoyan','MIG-17'
'Mikoyan','MiG-17'
'Mikoyan','MiG-19'
'Mikoyan','MiG-21'
'Mikoyan','MiG-21'
'Mikoyan','MiG-23'
'Mikoyan','MiG-25'
'Mikoyan','MiG-27'
'Mikoyan','MiG-29'
'Mikoyan','MiG-29/33'
'Mikoyan','MiG-31'
'Mikoyan','MiG-33'
'Mikoyan','MiG-AT'
'Mil','Mi-10'
'Mil','Mi-14'
'Mil','Mi-17'
'Mil','Mi-19'
'Mil','Mi-2'
'Mil','Mi-22'
'Mil','Mi-24'
'Mil','Mi-25'
'Mil','Mi-26'
'Mil','Mi-28'
'Mil','Mi-34'
'Mil','Mi-35'
'Mil','Mi-38'
'Mil','Mi-4'
'Mil','Mi-6'
'Mil','Mi-8'
'Mil','Mi-9'
'Miles','M-11 Whitney Straight'
'Miles','M-14 Magister'
'Miles','M-17 Monarch'
'Miles','M-2 Hawk Major'
'Miles','M-2 Hawk Speed Six'
'Miles','M-3 Falcon Major'
'Miles','M-38 Messenger'
'Miles','M-65 Gemini'
'Mitsubishi','A6M Zero'
'Mitsubishi','F-1'
'Mitsubishi','F-2'
'Mitsubishi','F-2A'
'Mitsubishi','HSS-2'
'Mitsubishi','MH-2000'
'Mitsubishi','MU-2'
'Mitsubishi','MU-2L Marquise/Solitaire'
'Mitsubishi','MU-300 Diamond'
'Mitsubishi','MU-300 Diamond I, IA'
'Mitsubishi','RP-1'
'Mitsubishi','S-70 Seahawk'
'Mitsubishi','T-2'
'Mooney International Corporation (former Mooney Aviation Company, Inc.)','A 2-A Cadet (same as Ercoupe 415-C)'
'Mooney International Corporation (former Mooney Aviation Company, Inc.)','M10 Cadet'
'Mooney International Corporation (former Mooney Aviation Company, Inc.)','M18C Mite'
'Mooney International Corporation (former Mooney Aviation Company, Inc.)','M20, M20A, M20B'
'Mooney International Corporation (former Mooney Aviation Company, Inc.)','M20C Ranger'
'Mooney International Corporation (former Mooney Aviation Company, Inc.)','M20D Master'
'Mooney International Corporation (former Mooney Aviation Company, Inc.)','M20E Super 21/Chaparral'
'Mooney International Corporation (former Mooney Aviation Company, Inc.)','M20F Executive 21'
'Mooney International Corporation (former Mooney Aviation Company, Inc.)','M20G Statesman'
'Mooney International Corporation (former Mooney Aviation Company, Inc.)','M20J 201 (MSE Mooney Special Edition)'
'Mooney International Corporation (former Mooney Aviation Company, Inc.)','M20K 231 Turbo Mooney'
'Mooney International Corporation (former Mooney Aviation Company, Inc.)','M20K 252TSE, Encore'
'Mooney International Corporation (former Mooney Aviation Company, Inc.)','M20L PFM'
'Mooney International Corporation (former Mooney Aviation Company, Inc.)','M20M TLS Bravo'
'Mooney International Corporation (former Mooney Aviation Company, Inc.)','M20R Ovation/Ovation 2/Ovation 3'
'Mooney International Corporation (former Mooney Aviation Company, Inc.)','M20S Eagle/Eagle 2'
'Mooney International Corporation (former Mooney Aviation Company, Inc.)','M20TN Acclaim'
'Mooney International Corporation (former Mooney Aviation Company, Inc.)','M20U Ovation Ultra, M20V Acclaim Ultra (turbocharged)'
'Mooney International Corporation (former Mooney Aviation Company, Inc.)','M22 Mustang'
'Morane-Saulnier','AI'
'Morane-Saulnier','Criquet'
'Morane-Saulnier','MoS-27'
'Morane-Saulnier','MoS-29'
'Morane-Saulnier','MoS-30'
'Morane-Saulnier','MS.760 Paris'
'Morane-Saulnier','MS-230'
'Morane-Saulnier','MS-315'
'Morane-Saulnier','MS-317'
'Morane-Saulnier','MS-733 Alcyon'
'Morane-Saulnier','MS-760 Paris'
'Morane-Saulnier','Rallye 105'
'Morane-Saulnier','Rallye Club'
'Morane-Saulnier','Rallye Commodore'
'Morane-Saulnier','Super Rallye'
'Moravan Otrokvice','Zlin Z-42, 42M, 142, 242'
'Moravan Otrokvice','Zlin Z-43'
'Morrisey Aircraft','2150, 2150A Kachina, and 2150ATG'
'Morrisey Aircraft','Nifty, 2000'
'Morrisey Aircraft','OM-1 and OM-1-2 Bravo II'
'Mudry','CAP-10'
'Mudry','CAP-20'
'Mudry','CAP-21'
'Mudry','CAP-230'
'Mudry','D-140 Mousquetaire'
'Murphy Aircraft Mft. Ltd.','Elite'
'Murphy Aircraft Mft. Ltd.','Maverick'
'Murphy Aircraft Mft. Ltd.','Murphy Moose'
'Murphy Aircraft Mft. Ltd.','Radical'
'Murphy Aircraft Mft. Ltd.','Rebel'
'Murphy Aircraft Mft. Ltd.','Renegade'
'Murphy Aircraft Mft. Ltd.','Yukon'
'Mustang Aeronautics for Homebuilding','Bushby Mustang 2'
'Myasishchev','M-101'
'Myasishchev','M-17 Stratosfera'
'Myasishchev','M-203 Barsuk'
'Myasishchev','M-4'
'Myasishchev','M-55 Geophysica'
'Myasishchev','VM-T Atlant'
'NAMC','YS-11'
'Nanchang','A-5'
'Nanchang','CJ-5'
'Nanchang','CJ-6'
'Nanchang','F-6'
'Nanchang','J-6'
'Nanchang','JL-8 Karakorum'
'Nanchang','K-8 Karakorum'
'Nanchang','N-5'
'Nanchang','Q-5'
'Nanchang','Y-5'
'Naval Aircraft Factory','N3N'
'Nieuport','28 Replica'
'Nihon','YS-11'
'Noorduyn','AT-16 Harvard'
'Noorduyn','Norseman'
'Nord / SNCAN','262'
'Nord / SNCAN','3202'
'Nord / SNCAN','3400'
'Nord / SNCAN','1001 Pingouin 1'
'Nord / SNCAN','1002 Pingouin 2'
'Nord / SNCAN','1100 Noralpha'
'Nord / SNCAN','1200 Norecrin'
'Nord / SNCAN','2501 Noratlas'
'Nord / SNCAN','260 Super Broussard'
'Nord / SNCAN','NC-854'
'Nord / SNCAN','NC-858'
'Nord / SNCAN','SV-4'
'North American','B-25 Mitchell'
'North American','F-100 Super Sabre'
'North American','F-82 Twin Mustang'
'North American','F-86 Sabre'
'North American','NA-145'
'North American','OV-10 Bronco'
'North American','P-51 Mustang'
'North American','P-51 Mustang'
'North American','P-82 Twin Mustang'
'North American','Sabreliner'
'North American','SNJ Texan'
'North American','T-2 Buckeye'
'North American','T-28 Trojan'
'North American','T-28 Trojan'
'North American','T-6 Texan'
'North American','T-6 Texan'
'North American','T-6 Texan (T-6G versino'
'North American','Yale'
'North American Aviation','NA-145 Navion A (miliary L-17A/B/C (redesignated U-18A/B/C))'
'North American Rockwell','100 Lark Commander'
'North American Rockwell','112 Commander 112'
'North American Rockwell','500 Commander 500'
'North American Rockwell','500 Shrike Commander'
'North American Rockwell','680FL Courser Commander'
'North American Rockwell','680V / 680W / 681 Turbo Commander'
'North American Rockwell','685 Commander'
'North American Rockwell','690 Turbo Commander 690'
'North American Rockwell','A-9 Quail Commander'
'North American Rockwell','Ag Commander'
'North American Rockwell','B-1 Snipe Commander'
'North American Rockwell','B-25 Mitchell'
'North American Rockwell','Commander 200'
'North American Rockwell','Darter Commander'
'North American Rockwell','Grand Commander'
'North American Rockwell','Gulfstream Commander'
'North American Rockwell','Gulfstream Jetprop Commander 1000'
'North American Rockwell','Lark Commander'
'North American Rockwell','NA-265 Sabre 75'
'North American Rockwell','OV-10 Bronco'
'North American Rockwell','Rockwell Commander 112'
'North American Rockwell','Sabre 40/60'
'North American Rockwell','Sabre 40/60'
'North American Rockwell','Sabre 75'
'North American Rockwell','Sabreliner'
'North American Rockwell','T-2 Buckeye'
'North American Rockwell','Thrush Commander 600/800'
'Northrop','B-2'
'Northrop','B-2 Spirit'
'Northrop','C-125 Raider'
'Northrop','C-125 Raider'
'Northrop','E-2 Hawkeye'
'Northrop','F-5 Chung-Cheng'
'Northrop','P-61 Black Widow'
'Northrop','P-61 Black Widow'
'Northrop','T-38 Talon'
'Northrop','T-38 Talon'
'On Mark Engineering Co.','On Mark Marksman (converted Douglas A-26 Invader)'
'Orlican','L-40 Meta Sokal'
'Orlican','L-40 Meta Sokol'
'PAC','750XL'
'PAC','Cresco'
'PAC','CT-4 Airtrainer'
'Pacific Aerospace','P-750 XSTOL'
'Panavia','Tornado'
'Panavia Aircraft GmbH','Tornado GR4'
'Partenavia','AP-68TP-300 Spartacus'
'Partenavia','AP-68TP-600 Viator'
'Partenavia','P.68C Victor'
'Partenavia','P-57 Fachiro 2'
'Partenavia','P-64 Oscar'
'Partenavia','P-66 Charlie'
'Partenavia','P-68 Observer'
'Partenavia','P-68 Victor'
'Percival','P-40 Prentice'
'Percival','P-56 Provost'
'Percival','P-57 Sea Prince'
'Percival','P-66 Pembroke'
'Percival','Proctor'
'Percival','Vega Gull'
'Piaggio','P-136'
'Piaggio','P-148'
'Piaggio','P-149'
'Piaggio','P-166'
'Piaggio','P-166 PORTOFINO'
'Piaggio','P-166DL3'
'Piaggio','P-166DP1'
'Piaggio','PD-808'
'Piaggio','PD-808'
'Piaggio Aero','P-180 Avanti'
'Piaggio Aero','P-180 Avanti II'
'Piel','B'
'Piel','CP-1320 Saphir'
'Piel','Diamant'
'Piel','Emeraude'
'Piel','Pinocchio'
'Piel','Super Emeraude (CP-1310/1315/1330)'
'Piel','Super Emeraude (CP-320/325/328)'
'Piel','Z'
'Pilatus','P-2'
'Pilatus','P-3'
'Pilatus','PC-11'
'Pilatus','PC-12 NG'
'Pilatus','PC-21'
'Pilatus','PC-24 Super Versatile Jet'
'Pilatus','PC-6 Porter'
'Pilatus','PC-6A/B/C Turbo-Porter'
'Pilatus','PC-7 Turbo Trainer'
'Pilatus','PC-9'
'Piper','108 Station Wagon'
'Piper','108 Voyager'
'Piper','J-2 Cub'
'Piper','J-3 Cub'
'Piper','J-4 Cub Coupe'
'Piper','J-5 Cub Cruiser'
'Piper','L-14 Cub Cruiser'
'Piper','PA-11 Cub Special'
'Piper','PA-12 Super Cruiser'
'Piper','PA-14 Family Cruiser'
'Piper','PA-15 Vagabond'
'Piper','PA-16 Clipper'
'Piper','PA-17 Vagabond'
'Piper','PA-18-150 Super Cub'
'Piper','PA-20-115 Pacer'
'Piper','PA-20-135 Pacer'
'Piper','PA-20-150 Pacer'
'Piper','PA-20S Pacer Seaplane'
'Piper','PA-20S-135 Pacer Seaplane'
'Piper','PA-22-108 Colt'
'Piper','PA-22-135 Tri-Pacer'
'Piper','PA-22-150 Tri-Pacer/Caribbean'
'Piper','PA-22-160 Tri-Pacer'
'Piper','PA-22S Tri-Pacer Seaplane'
'Piper','PA-22S-135 Tri-Pacer Seaplane'
'Piper','PA-22S-150 Tri-Pacer Seaplane'
'Piper','PA-22S-160 Tri-Pacer Seaplane'
'Piper','PA-23-150 Apache'
'Piper','PA-23-160 Apache'
'Piper','PA-23-180 Apache'
'Piper','PA-23-235 Apache'
'Piper','PA-23-250 Aztec'
'Piper','PA-23-250 Turbo Aztec'
'Piper','PA-24-180 Comanche'
'Piper','PA-24-250 Comanche'
'Piper','PA-24-260 Comanche'
'Piper','PA-24-400 Comanche'
'Piper','PA-25-235 Pawnee'
'Piper','PA-28-140/150/160 Cherokee Cruiser/Flight Liner, 150, 160'
'Piper','PA-28-151 and -161 Cherokee Warrior/Cadet'
'Piper','PA-28-161 Cherokee Warrior II, III'
'Piper','PA-28-180 Cherokee'
'Piper','PA-28-180 Cherokee Challenger, Archer'
'Piper','PA-28-181 Cherokee Archer II, III, DX, TX'
'Piper','PA-28-210T Cherokee Turbo Dakota'
'Piper','PA-28-235 Cherokee'
'Piper','PA-28-235 Cherokee Pathfinder/Charger'
'Piper','PA-28-236 Cherokee Dakota'
'Piper','PA-28R-180 Cherokee Arrow'
'Piper','PA-28R-200 Cherokee Arrow'
'Piper','PA-28R-200 Cherokee Arrow II'
'Piper','PA-28R-201 Cherokee Arrow III'
'Piper','PA-28R-201T Cherokee Turbo Arrow III'
'Piper','PA-28R-300 Pill'
'Piper','PA-28RT-201 Cherokee Arrow IV (has T tail)'
'Piper','PA-28RT-201T Cherokee Turbo Arrow IV (has T tail)'
'Piper','PA-28S-160 Cherokee C Seaplane'
'Piper','PA-28S-180 Cherokee C Seaplane'
'Piper','PA-29 Papoose'
'Piper','PA-30 Twin Commanche'
'Piper','PA-30B-160 Twin Comanche'
'Piper','PA-31 Navajo'
'Piper','PA-31-300 Navajo (turbocharged model unofficially known as -310)'
'Piper','PA-31-325 Navajo C/R'
'Piper','PA-31-350 Chieftain/T-1020 Navajo C/R'
'Piper','PA-31P Navajo (pressurized)'
'Piper','PA-31P-350 Mojave'
'Piper','PA-31T1-500 Cheyenne I/IA'
'Piper','PA-31T2 Cheyenne IIXL'
'Piper','PA-31T-260 Cheyenne/Cheyenne II'
'Piper','PA-31T3 T-1040 Airliner'
'Piper','PA-31T3-500'
'Piper','PA-32-260 Cherokee Six'
'Piper','PA-32-300 Cherokee Six'
'Piper','PA-32-300L Cherokee Six'
'Piper','PA-32-301 Saratoga, 32R-301 Saratoga SP/IIHP,  32R-301T Saratoga II TC, 32-301FT Piper 6X , and 32-301XTC Piper 6XT'
'Piper','PA-32R-300 Cherokee Lance'
'Piper','PA-32R-300 Lance'
'Piper','PA-32R-301 Saratoga 2 HP'
'Piper','PA-32RT-300 Lance 2'
'Piper','PA-32RT-300T/301T Turbo Lance 2'
'Piper','PA-32S-300 Cherokee Six Seaplane'
'Piper','PA-34 Seneca'
'Piper','PA-34-200T Seneca II'
'Piper','PA-34-220T Seneca III, IV, V'
'Piper','PA-36-285 Pawnee Brave 285 (Ag plane)'
'Piper','PA-36-300 Pawnee Brave 300'
'Piper','PA-36-320 Pawnee Brave'
'Piper','PA-36-375 Pawnee Brave'
'Piper','PA-38-112 Tomahawk'
'Piper','PA-39 Twin Comanche C/R'
'Piper','PA-42-1000 Cheyenne 400 LS (formerly IV)'
'Piper','PA-42-720 Cheyenne III, IIIA'
'Piper','PA-44-180 Seminole, -180T Turbo Seminole'
'Piper','PA-46-310P Malibu, -350P Malibu Mirage, 46R-350T Malibu Matrix, M350'
'Piper','PA-46-400TP Malibu Meridian'
'Piper','PA-46-500TP Malibu Meridian, M500'
'Piper','PA-46-600TP Malibu Meridian, M600'
'Piper','PA-60 Aerostar 700P (602P with counter rot engines)'
'Piper','PA-60 Aerostar 702P (700P with reinf nose gear for higher MTOW)'
'Piper','PA-60 Sequoya (Aerostar 602P) (the Piper version of the 601P)'
'Piper','PA-61 Aerostar 601 (is the 600 turbocharged)'
'Piper','PA-61B Aerostar 601B (is 601 with increased WS)'
'Piper','PA-61P Aerostar 601P (is 601 pressurized + increased gross weight)'
'Pitts / Aviat','S-1-11 Super Stinker'
'Pitts / Aviat','S-12 Macho Stinker'
'Pitts / Aviat','S-12 Super Stinker'
'Polikarpov','I-153'
'Polikarpov','I-15bis'
'Polikarpov','I-16'
'Polikarpov','Po-2'
'Potez','60 Sauterelle'
'Potez','600 Sauterelle'
'Potez','CM-170R Magister'
'Potez','CM-175 Z'
'Progressive Aerodyne','Searey Sport/Elite (Amphibious LSA)'
'P�tzer','Elster'
'PZL Mielec','AN-2 Antek'
'PZL Mielec','An-2 Antek'
'PZL Mielec','An-28 Bryza'
'PZL Mielec','CSS-13'
'PZL Mielec','LiM-1'
'PZL Mielec','LiM-2'
'PZL Mielec','LiM-5'
'PZL Mielec','LiM-6'
'PZL Mielec','M-15 Belphegor'
'PZL Mielec','M-18 Dromader'
'PZL Mielec','M-18 Dromader (an Ag plan) (all versions)'
'PZL Mielec','M-18 Turbine Dromader'
'PZL Mielec','M-20'
'PZL Mielec','M-20 Mewa (Polish version of Piper PA-34-200T Seneca II)'
'PZL Mielec','M-28 Bryza'
'PZL Mielec','M-28 Skytruck'
'PZL Mielec','M-28 Skytruck (the M28B Bryza is the non-pressurised ver)'
'PZL Mielec','TS-11 Iskra'
'PZL Mielec','TS-8 Bies'
'PZL Okecie','CSS-13'
'PZL Okecie','PZL-101 Gawron'
'PZL Okecie','PZL-102 Kos'
'PZL Okecie','PZL-104 Wilga'
'PZL Okecie','PZL-104M Wilga 2000'
'PZL Okecie','PZL-105 Flaming'
'PZL Okecie','PZL-106 Kruk'
'PZL Okecie','PZL-106AT Turbo Kruk'
'PZL Okecie','PZL-110 Koliber'
'PZL Okecie','PZL-112 Koliber Junior'
'PZL Okecie','PZL-126 Mr'
'PZL Okecie','PZL-130 Orlik'
'PZL Okecie','Yak-12'
'PZL Swidnik','I-23 Manager'
'PZL Swidnik','Mi-2'
'PZL Swidnik','SW-4'
'PZL Swidnik','W-3 Sok'
'Quest','Kodiak'
'Quest','Kodiak 100 and 200 (Series I and II)'
'Questair','Venture'
'Rans Inc.','S-16 Shekari'
'Rans Inc.','S-19 Venterra'
'Raytheon','76'
'Raytheon','180'
'Raytheon','200'
'Raytheon','300'
'Raytheon','A'
'Raytheon','B'
'Raytheon','C'
'Raytheon','E'
'Raytheon','F'
'Raytheon','T-6A Texan II'
'Raytheon','V'
'Reims','F406 Caravan 2'
'Reims','F406 Vigilant'
'Reims','FT337G Pressurized Skymaster'
'Reims Aviation','Reims-Cessna F406 Caravan II'
'Republic','F-47 Thunderbolt'
'Republic','RC-3 Seabee'
'Republic Aviation','P-47 Thunderbolt'
'Republic Aviation','RC-3 Seabee Amphibious'
'RFB','Fantrainer'
'Robin / Apex','Alpha'
'Robin / Apex','Ambassadeur'
'Robin / Apex','DR-200'
'Robin / Apex','DR-253 Regent'
'Robin / Apex','HR-100'
'Robin / Apex','HR-200'
'Robin / Apex','R-1180 Aiglon'
'Robin / Apex','R-300'
'Robin / Apex','R-3000'
'Robin / Apex','R-3100'
'Robin / Apex','R-3120'
'Robin / Apex','R-3140'
'Rockwell','112 Commander 112'
'Rockwell','114 Commander 114'
'Rockwell','500 Shrike Commander'
'Rockwell','685 Commander'
'Rockwell','690 Jetprop Commander 840'
'Rockwell','690 Turbo Commander 690'
'Rockwell','695 Jetprop Commander 980 / 1000'
'Rockwell','B-1 Lancer'
'Rockwell','Commander 700'
'Rockwell','NA-265 Sabre 75'
'Rockwell','NA-265 Sabre 80'
'Rockwell','OV-10 Bronco'
'Rockwell International','Aero Commander 100'
'Rockwell International','Aero Commander 100'
'Rockwell International','Aero Commander 200'
'Rockwell International','Aero Commander 500'
'Rockwell International','Aero Commander 500'
'Rockwell International','Aero Commander 520'
'Rockwell International','Aero Commander 560'
'Rockwell International','Aero Commander 560'
'Rockwell International','Aero Commander 680'
'Rockwell International','Aero Commander 680FL'
'Rockwell International','Aero Commander 680FP'
'Rockwell International','Aero Commander 680FP'
'Rockwell International','Aero Commander 680FP'
'Rockwell International','Aero Commander AC-14'
'Rockwell International','Aero Commander Turbo 680'
'Rockwell International','B-1'
'Rockwell International','Commander 112/112A'
'Rockwell International','COMMANDER 520'
'Rockwell International','Commander 695'
'Rockwell International','Turbo Commander 680T'
'Rockwell International','Turbo Commander 690'
'ROMBAC','IAR-827 Dacic'
'ROMBAC','Rombac 1-11 One-Eleven'
'Royal Aircraft Factory','SE-5A Replica'
'Ruschmeyer','R-90-230FG'
'Ruschmeyer','R-90-230RG'
'Ruschmeyer','R-90-420AT'
'Rutan','281 Proteus'
'Rutan','33 VariEze'
'Rutan','40 Defiant'
'Rutan','61 Long-EZ'
'Rutan','Cozy'
'Ryan','PT-20'
'Ryan','PT-22 Recruit'
'Ryan','ST-3KR Recruit'
'Ryan','ST-A / ST-M / ST-R'
'Ryan Aeronautical Company (originally North American NA-145)','Navion B (Super 260)'
'Saab','105'
'Saab','2000'
'Saab','2000'
'Saab','29 / J29'
'Saab','32 / J32 Lansen'
'Saab','340B'
'Saab','35 / J35 Draken'
'Saab','37 / JA37 Viggen'
'Saab','39 Gripen'
'Saab','91 Safir'
'Saab','JA-39 Gripen'
'Saab','JAS39 Gripen'
'Saab','MFI-15 Safari'
'Saab','MFI-17 Supporter'
'Sabreliner Corp','Sabreliner 40'
'Sabreliner Corp','Sabreliner 60'
'Sabreliner Corp','Sabreliner 65'
'Sabreliner Corp','Sabreliner 75A'
'Sabreliner Corp','Sabreliner 80'
'Scheibe Flugzeugbau','SF-24 Motorspatz'
'Schleicher','ASH-25'
'Schweizer','269'
'Schweizer','269D 330'
'Schweizer','269D 333'
'Schweizer','G-164 Ag-Cat'
'Schweizer','G-164 Ag-Cat Turbine'
'Schweizer','G-164 Turbo Ag-Cat'
'Schweizer','SA-2-37A Condor'
'Scottish Aviation','Bulldog'
'Scottish Aviation','Jetstream T.Mk.1'
'Scottish Aviation','Jetstream T.Mk.2'
'Scottish Aviation','Twin Pioneer'
'SEPECAT','Jaguar'
'Shavrov','SH-7'
'Shenyang','F-5'
'Shenyang','F-6'
'Shenyang','F-8-1'
'Shenyang','F-8-2 /-3 /-4'
'Shenyang','J-11'
'Shenyang','J-5'
'Shenyang','J-6'
'Shenyang','J-8-1'
'Shenyang','J-8-2 /-3 /-4'
'Shin Meiwa','U-36'
'Shin Meiwa','US-1'
'Shorts','330'
'Shorts','360'
'Shorts','S-25 Sandringham'
'Shorts','SC-5 Belfast'
'Shorts','SC-7 Skyvan'
'Shorts','Tucano'
'Shorts Brothers','330'
'Shorts Brothers','360'
'Shorts Brothers','C-23 Sherpa'
'Shorts Brothers','SD3-60'
'Shorts Brothers','Skyvan SC7'
'SIAI-Marchetti','FN-333 Riviera'
'SIAI-Marchetti','M-311'
'SIAI-Marchetti','S-205-18F / S-205-20F'
'SIAI-Marchetti','S-205-18R / S-205-20R / S-205-22R'
'SIAI-Marchetti','S-208'
'SIAI-Marchetti','S-211'
'SIAI-Marchetti','SF-260'
'SIAI-Marchetti','SF-260TP'
'SIAI-Marchetti','SF-600 Canguro'
'SIAI-Marchetti','SM-1019'
'SIAT','223 Flamingo'
'Sikorsky','AH-60 Black Hawk'
'Sikorsky','CH-19'
'Sikorsky','CH-3'
'Sikorsky','CH-34 Chocktaw'
'Sikorsky','CH-53'
'Sikorsky','CH-53E Super Stallion'
'Sikorsky','CH-54 Tarhe'
'Sikorsky','H-19 Chickasaw'
'Sikorsky','HH-19'
'Sikorsky','HH-34 Seahorse'
'Sikorsky','HH-52 Seaguard'
'Sikorsky','HO3S'
'Sikorsky','HO5S'
'Sikorsky','MH-53E Sea Dragon'
'Sikorsky','MH-60 Black Hawk'
'Sikorsky','S-38 Replica'
'Sikorsky','S-39'
'Sikorsky','S-51'
'Sikorsky','S-52'
'Sikorsky','S-55'
'Sikorsky','S-55T'
'Sikorsky','S-58'
'Sikorsky','S-58T'
'Sikorsky','S-61A'
'Sikorsky','S-61L'
'Sikorsky','S-61N'
'Sikorsky','S-61R'
'Sikorsky','S-62'
'Sikorsky','S-64 Skycrane'
'Sikorsky','S-65'
'Sikorsky','S-70 Black Hawk'
'Sikorsky','S-76'
'Sikorsky','S-92 Helibus'
'Sikorsky','Sea King'
'Sikorsky','SH-3 Sea King'
'Sikorsky','SH-34 Seabat'
'Sino Swearingen','SJ-30'
'SIPA','S.902'
'Skyfox Aviation','CA-25 Impala'
'Slingby Aviation (former Fournier)','T67 Firefly (former RF-6)'
'Slingsby','Firefly'
'Slingsby','T-66 Nipper'
'SOCATA','GY-80 Horizon'
'SOCATA','MS-200FG Morane'
'SOCATA','MS-200RG Morane'
'SOCATA','MS-300 Epsilon 2'
'SOCATA','ST-10'
'SOCATA','Tampico'
'SOCATA','TB-10 Tobago'
'SOCATA','TB-20 Trinidad'
'SOCATA','TB-30 Epsilon'
'SOCATA','TB-31 Omega'
'SOCATA','TB-360 Tangara'
'SOCATA','TB-9 Tampico'
'SOCATA','TBM 9'
'SOCATA','TBM-700'
'SOCATA','TBM-850'
'SOKO','G-2 Galeb'
'SOKO','G-4 Super Galeb'
'SOKO','H-45 Partizan'
'SOKO','J-20 Kraguj'
'SOKO','J-22 Orao'
'SOKO','Jastreb'
'SOKO','P-2 Kraguj'
'Sopwith','Camel'
'Sopwith','Triplane Replica'
'Sportavia-P�tzer','RF-4'
'Sportavia-P�tzer','RF-5'
'Sportavia-P�tzer','RS-180 Sportsman'
'Stearman','75 Kaydet'
'Stearman','Kaydet'
'Stearman','PT-13 Kaydet'
'Stearman','PT-17 Kaydet'
'Stinson','10 Voyager'
'Stinson','108 Station Wagon'
'Stinson','108 Voyager'
'Stinson','L-5 Sentinel'
'Stinson','Reliant'
'Stinson','SM-6000 Tri-Motor'
'Stinson','Tri-Motor (A)'
'Stinson Aircraft Company','L-5 Sentinel'
'Stinson Aircraft Company','Model 105 Voyager'
'Stinson Aircraft Company','Model 108 Voyager 150'
'Stinson Aircraft Company','Reliant (SR-10F)'
'Stits','Stits SA-3 Playboy'
'Stolp/White Aircraft','White WW-1 Der J�ger D-9'
'Suchoi / Sukhoi','S-37 Berkut'
'Suchoi / Sukhoi','Su-15'
'Suchoi / Sukhoi','Su-17'
'Suchoi / Sukhoi','Su-20'
'Suchoi / Sukhoi','Su-22'
'Suchoi / Sukhoi','Su-24'
'Suchoi / Sukhoi','Su-25'
'Suchoi / Sukhoi','Su-26'
'Suchoi / Sukhoi','Su-27'
'Suchoi / Sukhoi','Su-28'
'Suchoi / Sukhoi','Su-29'
'Suchoi / Sukhoi','Su-30'
'Suchoi / Sukhoi','Su-31'
'Suchoi / Sukhoi','Su-32'
'Suchoi / Sukhoi','Su-33'
'Suchoi / Sukhoi','Su-34'
'Suchoi / Sukhoi','Su-35'
'Suchoi / Sukhoi','Su-37'
'Suchoi / Sukhoi','Su-38'
'Suchoi / Sukhoi','Su-39'
'Suchoi / Sukhoi','Su-47 Berkut'
'Suchoi / Sukhoi','Su-7'
'Suchoi / Sukhoi','Su-80'
'Sud','CM-170R Magister'
'Sud','SA-315 Lama'
'Sud','SA-316 / SA-319 / SE-3160 Alouette 3'
'Sud','SA-318 / SA-3180 / SE-313 / SE-3130'
'Sud','SA-319 Alouette 3'
'Sud','SA-321 Super Frelon'
'Sud','SA-330 Puma'
'Sud','SA-341 / SA-342 Gazelle'
'Sud','SE-210 Caravelle'
'Sud','SO-1221 Djinn'
'Sud','SO-4050 Vautour'
'Sud-Est','SE-210 Caravelle'
'Sud-Est','SE-3130 Alouette 2'
'Sud-Ouest / SNCASO','SO-1221 Djinn'
'Supermarine','Seafire'
'Supermarine','Spitfire'
'Supermarine','Spitfire Mk25'
'Supermarine','Swift'
'Supermarine Aviation Works (Vickers) Ltd.','Supermarine Swift'
'Swearingen','Merlin 2'
'Swearingen','Merlin 3'
'Swearingen','Merlin 4'
'Swearingen','Merlin 4/4A Metro II'
'Swearingen','Metro'
'Swearingen','Metro'
'Swearingen','SA227-AT Merlin IVC and Expediter'
'Swearingen','SA227-CC/DC Metro 23'
'Swearingen','SA-26 Merlin 2'
'Swearingen','SJ-30'
'Swearingen','SX-300'
'Swearingen Fairchild Aircraft','SA226-T Merlin III'
'Symphony Aircraft Industries','SA-160'
'Taylor Aircraft Company','Tailor E-2 Cub'
'Taylor Aircraft Company','Taylorcraft Model 20 Seabird'
'Taylorcraft','15 Foursome'
'Taylorcraft','15 Tourist'
'Taylorcraft','20 Ranchwagon'
'Taylorcraft','20 Seabird'
'Taylorcraft','20 Topper'
'Taylorcraft','20 Zephyr 400'
'Taylorcraft','A'
'Taylorcraft','Auster 1 / Plus C / Plus D'
'Taylorcraft','Auster 3'
'Taylorcraft','Auster 4'
'Taylorcraft','Auster 5 Alpha'
'Taylorcraft','Auster AOP6'
'Taylorcraft','BC'
'Taylorcraft','DC'
'Taylorcraft','F-21'
'Taylorcraft','F-22'
'Taylorcraft','J-1 Autocrat'
'Taylorcraft','Sportsman (F-19)'
'Team','Rocket F-1'
'Technoavia (Interavia)','I-1'
'Technoavia (Interavia)','I-3'
'Technoavia (Interavia)','SM-2000'
'Technoavia (Interavia)','SM-2000P'
'Technoavia (Interavia)','SM-92 Finist'
'Technoavia (Interavia)','SM-92T Turbo Finist'
'Technoavia (Interavia)','SM-94'
'Technoavia (Interavia)','SP-55'
'Technoavia (Interavia)','SP-91 Slava'
'Technoavia (Interavia)','SP-95'
'Tecnam','Astore'
'Tecnam','Astore US-LSA'
'Tecnam','P2002 JF'
'Tecnam','P2002 JR'
'Tecnam','P2002 Sierra'
'Tecnam','P2002 Sierra RG'
'Tecnam','P2006T (Civilian) and MRI, SMP (Military)'
'Tecnam','P2008'
'Tecnam','P2008 JC'
'Tecnam','P2008 US-LSA'
'Tecnam','P2010 Ptwenty-Ten'
'Tecnam','P2012 Traveller'
'Tecnam','P92 Classic De Luxe'
'Tecnam','P92 Eagle US-LSA'
'Tecnam','P92 Echo Light'
'Tecnam','P92 JS'
'Tecnam','P92 JS Eagle SmartBay'
'Tecnam','P92 JS SmartBay'
'Tecnam','P92 SeaSky Hydroplane'
'Tecnam','P92 Tail Dragger'
'Ted Smith','Aerostar'
'The Airplane Factory USA','Sling 2 Kit'
'The Airplane Factory USA','Sling 4 Turbo'
'The Airplane Factory USA','Sling LSA'
'Thorp Aero','T-18'
'Thorp Aero','T-211'
'Thrush Aircraft, Inc.','510G'
'Thrush Aircraft, Inc.','510GR'
'Thrush Aircraft, Inc.','510P'
'Thrush Aircraft, Inc.','550P'
'Thrush Aircraft, Inc.','710P'
'Transall','C-160'
'Transavia Corporation','PL-12 Airtruk'
'Transavia Corporation','PL-12U'
'Transport Allianz','C-160'
'Tridair','206L-ST Gemini ST'
'Tupolev','TU-114'
'Tupolev','TU-124'
'Tupolev','TU-134'
'Tupolev','Tu-134'
'Tupolev','Tu-142'
'Tupolev','TU-144'
'Tupolev','Tu-144'
'Tupolev','TU-154'
'Tupolev','Tu-154'
'Tupolev','Tu-16'
'Tupolev','TU-160'
'Tupolev','Tu-160'
'Tupolev','Tu-20'
'Tupolev','TU-204'
'Tupolev','Tu-204'
'Tupolev','Tu-214'
'Tupolev','Tu-22'
'Tupolev','Tu-224'
'Tupolev','Tu-22M'
'Tupolev','Tu-234'
'Tupolev','Tu-334'
'Tupolev','Tu-4'
'Tupolev','Tu-95'
'TUSCO (formerly Ryan)','Navion Rangemaster D, E, F'
'TUSCO (formerly Ryan)','Navion Rangemaster G, H'
'Udet','U-12 Flamingo Replica'
'UTVA','60'
'UTVA','66'
'UTVA','75'
'UTVA','65 Privrednik'
'Van\'s Aircraft','RV-10'
'Van\'s Aircraft','RV-10 - Experimental'
'Van\'s Aircraft','RV-12'
'Van\'s Aircraft','RV-3'
'Van\'s Aircraft','RV-3'
'Van\'s Aircraft','RV-4'
'Van\'s Aircraft','RV-4'
'Van\'s Aircraft','RV-4T'
'Van\'s Aircraft','RV-6'
'Van\'s Aircraft','RV-6  (aka Air Beetle mfg by Aeronautical Industrial Enginering and Project Management, Nigeria)'
'Van\'s Aircraft','RV-6A - Experimental'
'Van\'s Aircraft','RV-7'
'Van\'s Aircraft','RV-7 - Experimental RV-7'
'Van\'s Aircraft','RV-7A'
'Van\'s Aircraft','RV-8'
'Van\'s Aircraft','RV-8'
'Van\'s Aircraft','RV-9'
'Van\'s Aircraft','RV-9 - Experimental'
'Van\'s Aircraft','RV-9A - Experimental RV-9'
'Vashon','Ranger R7'
'Velocity Inc.','SE'
'Velocity Inc.','TXL'
'Velocity Inc.','V-twin'
'Velocity Inc.','XL'
'Velocity Inc.','XL 5'
'VFW','VFW-614'
'Vickers','FB-27 Vimy Replica'
'Vickers','VC-10'
'Vickers','Viscount'
'Victa / AESL','Aircruiser'
'Victa / AESL','Airtourer'
'Viking (formerly Bombardier formerly De Havilland Canada (DHC))','Dash 6 Twin Otter (DHC-6-400)'
'Viking (formerly Bombardier formerly De Havilland Canada (DHC))','Dash 6 Twin Otter (DHC-6-400)'
'Volaircraft','Volaire 10'
'Volpar','TURBO 18'
'Vought-Sikorsky','F4U Corsair'
'Vulcanair','V1.0'
'Vultee','BT-13 Valiant'
'WACO','9'
'WACO','10'
'WACO','125'
'WACO','AGC, AQC'
'WACO','ASO, ATO'
'WACO','AVN'
'WACO','BSO, CSO, CTO, DSO'
'WACO','CJC, CUC, DJC, DQC, EGC, EQC, QDC'
'WACO','CPF, ENF, INF, KNF, PBF, PCF, QCF'
'WACO','CRG'
'WACO','E (ARE/HRE/SRE) Aristocrat'
'WACO','GXE'
'WACO','IBA, PBA, PLA, RBA, UBA, ULA'
'WACO','JWM, JYM'
'WACO','PSO'
'WACO','QSO'
'WACO','RNF'
'WACO','RPT'
'WACO','S3HD'
'WACO','UBF, UMF, UPF'
'WACO','UEC, UIC, UKC, UKS, VKS'
'WACO','YKC, YKS, YOC, YQC, ZGC, ZKS, ZQC'
'Waco','YMF'
'WACO','YMF, YPF, ZPF'
'WACO','ZVN'
'WACO Classic','YMF'
'Wassmer','D-112'
'Wassmer','D-120 Paris-Nice'
'Wassmer','WA-40 Super 4'
'Wassmer','WA-41 Baladou'
'Wassmer','WA-421 Prestige'
'Wassmer','WA-51 Pacific'
'Wassmer','WA-52 Europa'
'Wassmer','WA-54 Atlantic'
'Wassmer','WA-80 Piranha'
'Westland','30'
'Westland','Commando'
'Westland','Lynx'
'Westland','Lysander'
'Westland','Puma'
'Westland','Scout'
'Westland','Sea King'
'Westland','Sioux'
'Westland','Super Lynx'
'Westland','Wasp'
'Westland','Wessex'
'Westland','WS-55 Whirlwind 3'
'Wing Aircraft','D-1 Derringer'
'XTI Aircraft','Trifan 600'
'Yakovlev / Jakovlev','Yak-11'
'Yakovlev / Jakovlev','Yak-112'
'Yakovlev / Jakovlev','Yak-12'
'Yakovlev / Jakovlev','Yak-130'
'Yakovlev / Jakovlev','Yak-141'
'Yakovlev / Jakovlev','Yak-142'
'Yakovlev / Jakovlev','Yak-18'
'Yakovlev / Jakovlev','Yak-18T'
'Yakovlev / Jakovlev','Yak-18U'
'Yakovlev / Jakovlev','Yak-28'
'Yakovlev / Jakovlev','Yak-3'
'Yakovlev / Jakovlev','Yak-38'
'Yakovlev / Jakovlev','Yak-40'
'Yakovlev / Jakovlev','Yak-40'
'Yakovlev / Jakovlev','Yak-42'
'Yakovlev / Jakovlev','Yak-42'
'Yakovlev / Jakovlev','Yak-50'
'Yakovlev / Jakovlev','Yak-52'
'Yakovlev / Jakovlev','Yak-52'
'Yakovlev / Jakovlev','Yak-53'
'Yakovlev / Jakovlev','Yak-54'
'Yakovlev / Jakovlev','Yak-55'
'Yakovlev / Jakovlev','Yak-58'
'Yakovlev / Jakovlev','Yak-9'
'Zivko Aeronautics Inc.','Edge 540'
'Zivko Aeronautics Inc.','Edge 540T'
'Zlin','Savage'
'Zlin','Z-126 Trener 2'
'Zlin','Z-137 Agro Turbo'
'Zlin','Z-142'
'Zlin','Z-143'
'Zlin','Z-181'
'Zlin','Z-182'
'Zlin','Z-183'
'Zlin','Z-22 Junak'
'Zlin','Z-226 Akrobat'
'Zlin','Z-226 Trener 6'
'Zlin','Z-237 Cmel'
'Zlin','Z-242'
'Zlin','Z-26 Trener'
'Zlin','Z-326 Akrobat'
'Zlin','Z-326 Trener Master'
'Zlin','Z-37 Cmel'
'Zlin','Z-37T Agro Turbo'
'Zlin','Z-42'
'Zlin','Z-43'
'Zlin','Z-50'
'Zlin','Z-526 Akrobat'
'Zlin','Z-526 Trener Master'
'Zlin','Z-626'
'Zlin','Z-726 Universal'
'Zlin','Zlin Z-126 Trener 2'
'Zlin','Zlin Z-142'
'Zlin','Zlin Z-143'
'Zlin','Zlin Z-22 Junak'
'Zlin','Zlin Z-226 Akrobat'
'Zlin','Zlin Z-226 Trener 6'
'Zlin','Zlin Z-242'
'Zlin','Zlin Z-26 Trener'
'Zlin','Zlin Z-326 Akrobat'
'Zlin','Zlin Z-326 Trener Master'
'Zlin','Zlin Z-42'
'Zlin','Zlin Z-43'
'Zlin','Zlin Z-50'
'Zlin','Zlin Z-526 Akrobat'
'Zlin','Zlin Z-526 Trener Master'
'Zlin','Zlin Z-626'
'Zlin','Zlin Z-726 Universal'
